http://auburn.craigslist.org/for/4357052058.html,tool box for f150  sized trucks or any full size truck,0,0,for
http://auburn.craigslist.org/cto/4352716849.html,"2002 Silverado LT z71 with 6"" fabtech lift",32.621100,-85.392900,cto
http://auburn.craigslist.org/grd/4331748006.html,David Bradley Garden Tractor,32.547500,-85.468200,grd
http://auburn.craigslist.org/snd/4353670621.html,Brand New 4wheelers  Dirt Bikes & Scooters,0,0,snd
http://auburn.craigslist.org/spo/4334927147.html,Hummingbird 798ci SI combo Depth Finder,32.547500,-85.468200,spo
http://auburn.craigslist.org/grd/4352712525.html,help wanted,32.576800,-85.312000,grd
http://auburn.craigslist.org/grd/4336810312.html,trailer   24 ft,32.576800,-85.312000,grd
http://auburn.craigslist.org/grd/4357010824.html,TEXAS LONGHORNS,30.475200,-87.699200,grd
http://auburn.craigslist.org/grd/4357016496.html,trailer   24 ft,32.576800,-85.312000,grd
http://auburn.craigslist.org/mob/4357012006.html,BRAND NEW VERIZON MOTOROLA DROID ULTRA-BLACK,32.547500,-85.468200,mob
http://auburn.craigslist.org/spo/4353071363.html,Mounted Black Bear $1000-OBO,32.621100,-85.392900,spo
http://auburn.craigslist.org/mob/4357000489.html,Verizon red htc 8x,0,0,mob
http://auburn.craigslist.org/atq/4356991374.html,52 piece Mikasa primrose china set,0,0,atq
http://auburn.craigslist.org/ele/4356975580.html,Sony PSP with games!!!,32.603137,-85.479928,ele
http://auburn.craigslist.org/cto/4356867172.html,Jeep,0,0,cto
http://auburn.craigslist.org/pts/4356973969.html,Remanufactured c.v axle $60,41.359000,-85.046800,pts
http://auburn.craigslist.org/for/4339237595.html,palm tree floating candles (set of 4),32.520100,-85.100000,for
http://auburn.craigslist.org/mpo/4356967773.html,Triumph Bonneville fender,0,0,mpo
http://auburn.craigslist.org/for/4356961364.html,UWS Toolbox,32.811300,-85.174900,for
http://auburn.craigslist.org/for/4356950023.html,fish tank $30,41.359000,-85.046800,for
http://auburn.craigslist.org/eld/4329577919.html,Solos HD-beats by dr. dre New in box/plastic sealed,0,0,eld
http://auburn.craigslist.org/bod/4328767484.html,2012 G3 LV 208 Cruise on trailer,0,0,bod
http://auburn.craigslist.org/bod/4338927312.html,2012 Malibu Wakesetter 23 LSV,0,0,bod
http://auburn.craigslist.org/clt/4356809504.html,Party lite consultant,0,0,clt
http://auburn.craigslist.org/fuo/4326487677.html,Henredon couch ,0,0,fuo
http://auburn.craigslist.org/bod/4349925999.html,2011 Cobalt 232 LIKE NEW,0,0,bod
http://auburn.craigslist.org/bod/4353901762.html,2013 185 Bayliner on trailer with only 5 hours,0,0,bod
http://auburn.craigslist.org/wan/4339772154.html,Used utility trailers ,0,0,wan
http://auburn.craigslist.org/for/4356928735.html,male farret for sale $250,41.359000,-85.046800,for
http://auburn.craigslist.org/cto/4356909079.html,1996 Thunderbird 85K miles sweet,32.621100,-85.392900,cto
http://auburn.craigslist.org/fud/4356929871.html,5PC DINING SUITE ,0,0,fud
http://auburn.craigslist.org/rvd/43,None,0,0,rvd
http://auburn.craigslist.org/for/4356622965.html,"Sony KDS-R70XBR2 70"" DLP",0,0,for
http://auburn.craigslist.org/boa/4356621176.html,Bass Tracker 175 (2006) Like New,0,0,boa
http://auburn.craigslist.org/ele/4356619552.html,"70"" Sony DLP KDS-R70XBR",0,0,ele
http://auburn.craigslist.org/fuo/4356616783.html,Like New Modern Sofa,0,0,fuo
http://auburn.craigslist.org/app/4356605323.html,speed queen stack combo,32.478100,-85.124000,app
http://auburn.craigslist.org/tix/4344914509.html,Elton John 15 Mar Birmingham concert tickets,0,0,tix
http://auburn.craigslist.org/jwl/4356595925.html,14k solid white gold necklace ,0,0,jwl
http://auburn.craigslist.org/ele/4356585726.html,HP Pavilion G6 Laptop,32.621100,-85.392900,ele
http://auburn.craigslist.org/clt/4356588040.html,CIVIL WAR / INDIAN WAR MEDICAL SKULL DRILLING DEVICE,0,0,clt
http://auburn.craigslist.org/grd/4356579808.html,Jennie,32.783100,-85.275600,grd
http://auburn.craigslist.org/art/4356587317.html,Auburn Art for Sale  Under $40!!,0,0,art
http://auburn.craigslist.org/snd/4356584766.html,"""Brand New 169cc Polaris RZR Youth ""Side by Side"" UTV clone""",0,0,snd
http://auburn.craigslist.org/grd/4356581952.html,Baldy Heifer Calf,32.783100,-85.275600,grd
http://auburn.craigslist.org/mob/4356579938.html,HP Pavilion G6 Laptop for trade!,32.621100,-85.392900,mob
http://auburn.craigslist.org/pts/4356569429.html,50002 Hypertech Power Programmer III,32.811300,-85.174900,pts
http://auburn.craigslist.org/cto/4343472344.html,2003 GMC SONOMA ,32.861600,-85.216100,cto
http://auburn.craigslist.org/grd/4343395947.html,TRAILER     24 FEET LONG,32.861600,-85.216100,grd
http://auburn.craigslist.org/cto/4343395240.html,GMC  1 TON    (LOW MILEAGE),0,0,cto
http://auburn.craigslist.org/cto/4343383727.html,2004 F-250 4 DOOR LOW MILEAGE,0,0,cto
http://auburn.craigslist.org/cto/4356553433.html,for sale or trade 2001 MazdaLS 16100 hwy miles good condition,33.216900,-85.405700,cto
http://auburn.craigslist.org/jwl/4356552837.html,Zales Black Diamond Ring set,32.811300,-85.174900,jwl
http://auburn.craigslist.org/sno/4356533337.html,ATV Customizing ,0,0,sno
http://auburn.craigslist.org/bik/4356543492.html,Slightly Used Bike,0,0,bik
http://auburn.craigslist.org/tls/4356542841.html,Kalamazoo Abrasive Saw,32.811300,-85.174900,tls
http://auburn.craigslist.org/tld/4341302488.html,Brand New Diesel Generators,0,0,tld
http://auburn.craigslist.org/msg/4356539096.html,kimball baby Grand Piano,32.499500,-86.364100,msg
http://auburn.craigslist.org/tls/4356536368.html,Craftsman Tool Box,32.811300,-85.174900,tls
http://auburn.craigslist.org/cto/4316021722.html,2004 Chevy Aveo LS with 45 000 miles,0,0,cto
http://auburn.craigslist.org/cto/4356519690.html,2006 Chevy Tahoe Z71,32.811300,-85.174900,cto
http://auburn.craigslist.org/ele/4356503299.html,"32"" JVC 720p TV** BRAND NEW",32.592000,-85.518900,ele
http://auburn.craigslist.org/cto/4356442146.html,1994 HONDA CIVIC $1950.00 OBO,0,0,cto
http://auburn.craigslist.org/cto/4350513245.html,1989 jeep wrangler,0,0,cto
http://auburn.craigslist.org/fuo/4356177376.html,Dining Room Furniture,32.863854,-85.175543,fuo
http://auburn.craigslist.org/jwl/4343381869.html,Ladies Platinum Diamond 0.76 carat custom made ring ,0,0,jwl
http://auburn.craigslist.org/mcy/4356161934.html,2005 Kawasaki Vulcan 500,32.621100,-85.392900,mcy
http://auburn.craigslist.org/mpo/4356161062.html,Honda parts,32.520100,-85.100000,mpo
http://auburn.craigslist.org/vgm/4356149817.html,like new xbox 360 ,0,0,vgm
http://auburn.craigslist.org/bar/4327498127.html,Ps3 250 gig & Xbox 360 250 gig,32.595727,-85.453184,bar
http://auburn.craigslist.org/cto/4356119851.html,Lifted Ford F250 7.3 Powerstroke Diesel,32.821326,-85.213737,cto
http://auburn.craigslist.org/cto/4356110015.html,Chevrolet Tahoe,0,0,cto
http://auburn.craigslist.org/hab/4339291875.html,Stott Pilates Advanced Matwork DVD,32.592000,-85.518900,hab
http://auburn.craigslist.org/pts/4356134908.html,Ford rims and tires,0,0,pts
http://auburn.craigslist.org/fod/4356113508.html,Wood/coal heating outdoor boilers,0,0,fod
http://auburn.craigslist.org/sno/4356119026.html,HONDA FOREMAN 500 SPECIALTY PRICED,31.759500,-86.010700,sno
http://auburn.craigslist.org/pts/4356121326.html,2005 Ford Mustang Stock rims,0,0,pts
http://auburn.craigslist.org/bfd/4356084325.html,High Profit Potential Business For Sale,32.578200,-85.349000,bfd
http://auburn.craigslist.org/cto/4356117658.html,2007 f250,0,0,cto
http://auburn.craigslist.org/grd/4339920801.html,Triple Crown thornless blackberry plants,0,0,grd
http://auburn.craigslist.org/bod/4333172278.html,2012 Harris 220 Sunliner Pontoon ,0,0,bod
http://auburn.craigslist.org/bod/4317053806.html,Regal 2100 Bowrider,32.822400,-85.770400,bod
http://auburn.craigslist.org/bod/4317041245.html,2014 Harris FloteBote Pontoon,0,0,bod
http://auburn.craigslist.org/cto/4340487401.html,2004 Chevy Tahoe 130k miles Trade for jeep or truck,0,0,cto
http://auburn.craigslist.org/bod/4317007296.html,2014 Cobalt 220,32.822400,-85.770400,bod
http://auburn.craigslist.org/grd/4351217519.html,pine tree seedlings,31.898015,-85.599369,grd
http://auburn.craigslist.org/cto/4356109028.html,ford explore and Ranger,0,0,cto
http://auburn.craigslist.org/boa/4356100145.html,2000 Kawasaki Ultra 150,0,0,boa
http://auburn.craigslist.org/grd/4346327801.html,RED & BLACK Bantam ROOSTER COCKEREL,32.072600,-86.060600,grd
http://auburn.craigslist.org/sys/4356106723.html,"Great Condition Toshiba 15"" Laptop $350",32.592000,-85.518900,sys
http://auburn.craigslist.org/cto/4356092786.html,1991 Nissan 300ZX Twin Turbo,32.562200,-86.099400,cto
http://auburn.craigslist.org/cto/4351611699.html,4×4 Ford Explorer,0,0,cto
http://auburn.craigslist.org/bik/4356094539.html,Mountain bike,0,0,bik
http://auburn.craigslist.org/boa/4356098068.html,glasstream boat,32.811300,-85.174900,boa
http://auburn.craigslist.org/fod/4355985533.html,cargo trailer,0,0,fod
http://auburn.craigslist.org/cto/4355786643.html,2001 Suburban on 26 Inch Rims,0,0,cto
http://auburn.craigslist.org/bab/4355756023.html,Baby trend carseat/stroller combo,30.544400,-88.180700,bab
http://auburn.craigslist.org/mcy/4355755415.html,08 honda crf250r,0,0,mcy
http://auburn.craigslist.org/mob/4352675511.html,IPhone 4S like new at&t UNLOCKED with 16GB(Black) - $180,43.089200,-77.436000,mob
http://auburn.craigslist.org/mad/4341702151.html,50%--75% Off HardWood & Carpet Flooring 1.800.498.1984,33.752500,-84.388800,mad
http://auburn.craigslist.org/mcy/4355753271.html,2006 Harley-Davidson Softail FXSTi,32.547500,-85.468200,mcy
http://auburn.craigslist.org/fuo/4355743962.html,Keller China Hutch,0,0,fuo
http://auburn.craigslist.org/bar/4350737216.html,Costa del Mar sunglasses,0,0,bar
http://auburn.craigslist.org/ele/4355566997.html,trio 9in tablet ,0,0,ele
http://auburn.craigslist.org/grd/4355733275.html,Bandsawn poplar and oak,0,0,grd
http://auburn.craigslist.org/clt/4355731544.html,6 Collector Knife Sets,0,0,clt
http://auburn.craigslist.org/cto/4355720040.html,1999 Chevy Tahoe,32.551000,-85.897800,cto
http://auburn.craigslist.org/fuo/4341222914.html,Antique vanity,0,0,fuo
http://auburn.craigslist.org/cto/4355706321.html,Mazda 626 2002 - LX sedan - $3500,32.547500,-85.468200,cto
http://auburn.craigslist.org/mob/4355705655.html,Like new Samsung Omnia for Verizon or flash 2 Pageplus..WiFi & more,32.861600,-85.216100,mob
http://auburn.craigslist.org/cto/4355699095.html,Honda Accord EX 2005,32.551000,-85.897800,cto
http://auburn.craigslist.org/mpo/4355686623.html,Hitch style motorcycle carrier and stand,32.861600,-85.216100,mpo
http://auburn.craigslist.org/sys/4355676663.html,Computer Monitor,0,0,sys
http://auburn.craigslist.org/pts/4346826706.html,Tires and Wheels Wanted!!!!,0,0,pts
http://auburn.craigslist.org/mpo/4330972575.html,1988-2005 Ninja250ex Parts ,32.547500,-85.468200,mpo
http://auburn.craigslist.org/pts/4330945109.html,2007-2010 Chevy 2500 6.6L Parts,32.592000,-85.518900,pts
http://auburn.craigslist.org/pts/4330973988.html,Dodge Ram Grill and Shell 2009 +,32.547500,-85.468200,pts
http://auburn.craigslist.org/cto/4330929740.html,1998 Honda Prelude,0,0,cto
http://auburn.craigslist.org/clo/4355671400.html,2 size 24 prom/pageant dresses $120 each obo,32.576800,-85.312000,clo
http://auburn.craigslist.org/for/4355589497.html,trio 9in tablet ,32.547500,-85.468200,for
http://auburn.craigslist.org/msg/4334822710.html,Alto Saxophone Case $20,0,0,msg
http://auburn.craigslist.org/vgm/4326754837.html,Nvidia Sparkle gtx 460 GPU,32.576800,-85.312000,vgm
http://auburn.craigslist.org/clo/4326786331.html,Mens New Northface Jacket,32.576800,-85.312000,clo
http://auburn.craigslist.org/cto/4355597000.html,Hummer H3 2007 ,31.794500,-85.965500,cto
http://auburn.craigslist.org/mat/4355621052.html,New Cutler Hammer Safety Disconnect Model DG324UGK ,31.506600,-86.366300,mat
http://auburn.craigslist.org/spo/4352691766.html,Auburn collectors Young Talons statue,0,0,spo
http://auburn.craigslist.org/rvs/4336821826.html,2003 Coachmen Chaparral M-281BH Fifth Wheel,32.549201,-85.452518,rvs
http://auburn.craigslist.org/boa/4352285261.html,2001 Harris Flotebote 240 Classic,32.916400,-85.936800,boa
http://auburn.craigslist.org/cto/4315833447.html,!!!Price Reduced!!! 2004 BMW Z4 Roadster,0,0,cto
http://auburn.craigslist.org/bab/4355255673.html,Baby trend carseat/stroller combo,32.536900,-84.927400,bab
http://auburn.craigslist.org/cto/4355253929.html,Karman Ghia 1969,0,0,cto
http://auburn.craigslist.org/gms/4355251570.html,Moving/garage sale,32.547500,-85.468200,gms
http://auburn.craigslist.org/mcy/4355234232.html,1998 Honda Goldwing,32.621100,-85.392900,mcy
http://auburn.craigslist.org/mat/4321054604.html,USED METAL TRUSSES AND NEW METAL ROOFING,0,0,mat
http://auburn.craigslist.org/art/4355195824.html,Art ,0,0,art
http://auburn.craigslist.org/boa/4355191064.html,Trade golf course lot for boat,32.764326,-85.796700,boa
http://auburn.craigslist.org/wan/4355189692.html,paint job,32.621100,-85.392900,wan
http://auburn.craigslist.org/bod/4343913704.html,2008 Cobalt 222,0,0,bod
http://auburn.craigslist.org/bod/4347746919.html,1998 Harris Kayot Commodore Pontoon,0,0,bod
http://auburn.craigslist.org/cto/4355173819.html,2002 F-250 7.3 Lariat Powerstroke 4x4 w/118k,0,0,cto
http://auburn.craigslist.org/rvs/4355171547.html,2004 King of the Road 5th Wheel RV,0,0,rvs
http://auburn.craigslist.org/mcy/4355158472.html,Yamaha TTR 50,32.916400,-85.936800,mcy
http://auburn.craigslist.org/pts/4355158288.html,CHEVY COLORADO FOLDING BED COVER,31.905100,-85.165600,pts
http://auburn.craigslist.org/bfd/4340157260.html,Restoring headlights for cash profit,0,0,bfd
http://auburn.craigslist.org/cto/4346369340.html,2007 BUICK LUCERNE CXL  (extra clean),0,0,cto
http://auburn.craigslist.org/cto/4326112565.html,2011 Nissan Versa (extra clean ),0,0,cto
http://auburn.craigslist.org/cto/4355122437.html,2009 chevy 2500 HD,0,0,cto
http://auburn.craigslist.org/cto/4355132943.html,2002 Dodge Ram 1500 Quad Auto,32.464600,-85.020600,cto
http://auburn.craigslist.org/mob/4355125423.html,Looking for Mophie Juice Pack for iphone 5,32.621100,-85.392900,mob
http://auburn.craigslist.org/cto/4355114510.html,1999 Chrysler 300m,0,0,cto
http://auburn.craigslist.org/fuo/4355123775.html,Wooden Bunk Beds with mattresses ,32.547500,-85.468200,fuo
http://auburn.craigslist.org/mob/4355111618.html,iPhone 4S 16GB,32.547500,-85.468200,mob
http://auburn.craigslist.org/grd/4355119456.html,BARBED WIRE 4 POINT 12-1/2 GAUGE,32.782700,-85.647400,grd
http://auburn.craigslist.org/fuo/4355117003.html,Full headboard,0,0,fuo
http://auburn.craigslist.org/clo/4342497292.html,women shoes new,32.547500,-85.468200,clo
http://auburn.craigslist.org/for/4340352057.html,ecco shoes,0,0,for
http://auburn.craigslist.org/cto/4323916042.html,2006 Scion Tc Special Edition Panoramic Sunroof LOW MILES 57K UPGRADES,32.608091,-85.490323,cto
http://auburn.craigslist.org/fud/4354717901.html,Fancy Living Room Furniture- Sofa & Love Seat  Dark Brown Leather ($32,0,0,fud
http://auburn.craigslist.org/jwl/4325468176.html,Super Daytona Rolex/Trades,0,0,jwl
http://auburn.craigslist.org/cld/4314934991.html,Plus Size Clothing Closeout ,0,0,cld
http://auburn.craigslist.org/cto/4354745754.html,2010 Nissan 370z,0,0,cto
http://auburn.craigslist.org/cto/4354732070.html,ford f-250 03 double,0,0,cto
http://auburn.craigslist.org/sgd/4351589183.html,Hunting Blinds,32.621100,-85.392900,sgd
http://auburn.craigslist.org/fuo/4354729997.html,(2) LEATHER CLUB CHAIRS w/ OTTOMANS,0,0,fuo
http://auburn.craigslist.org/spo/4322213719.html,Diamond Razor Edge Bow,0,0,spo
http://auburn.craigslist.org/pts/4349268046.html,tires Michelin hydro edge 235 60 16,0,0,pts
http://auburn.craigslist.org/cto/4354667950.html,1997 TOYOTA CAMRY LE $2950.00 OBO,0,0,cto
http://auburn.craigslist.org/pts/4354715406.html,16 inch rims,0,0,pts
http://auburn.craigslist.org/fuo/4325911369.html,Great BAR for your frat house or college home!,32.562200,-86.099400,fuo
http://auburn.craigslist.org/pts/4354701576.html,1998-BUICK,32.607788,-85.488724,pts
http://auburn.craigslist.org/fuo/4354639985.html,SOFA  LOVE-SEAT  & RECLINER/ROCKER  ESTATE SALE!,0,0,fuo
http://auburn.craigslist.org/mcy/4350636434.html,2007 Honda Shadow 600 - ALMOST PERFECT!!,0,0,mcy
http://auburn.craigslist.org/for/4354669689.html,pull out sofa,0,0,for
http://auburn.craigslist.org/fuo/4354665857.html,pull out sofa,0,0,fuo
http://auburn.craigslist.org/cto/4332897848.html,BMW 335i,0,0,cto
http://auburn.craigslist.org/hsh/4333714291.html,Floor lamp,0,0,hsh
http://auburn.craigslist.org/grd/4333728596.html,Gazebo,0,0,grd
http://auburn.craigslist.org/sno/4344384519.html,Club Car Precedent Golf Cart,0,0,sno
http://auburn.craigslist.org/for/4354645931.html,pet carrier ,0,0,for
http://auburn.craigslist.org/sno/4354593096.html,1993 Jeep Wrangler ,0,0,sno
http://auburn.craigslist.org/sno/4354665200.html,Front & back basket for 4wheeler,32.925200,-85.442600,sno
http://auburn.craigslist.org/boa/4350266841.html,2005 SeaDoo RXP,32.866287,-85.864635,boa
http://auburn.craigslist.org/bfd/4334283900.html,**Brand new Discount Restaurant Seating Up to 85% off!**,0,0,bfd
http://auburn.craigslist.org/fud/4334284522.html,Discount Bar Stools and Chairs Save $$$! ,0,0,fud
http://auburn.craigslist.org/ele/4354634544.html,Roku LT,0,0,ele
http://auburn.craigslist.org/fud/4354572853.html,PREMIUM HANDCRAFTED BUNK BEDS  --  from,0,0,fud
http://auburn.craigslist.org/cto/4343953948.html,94 Nissan Pickup 4x4,32.576800,-85.312000,cto
http://auburn.craigslist.org/pts/4328882464.html,Grand national 87k miles,33.074600,-86.078100,pts
http://auburn.craigslist.org/cto/4354614377.html,2000 Grand Marquis LS 82k,0,0,cto
http://auburn.craigslist.org/cto/4343225599.html,93 gmc jimmy sale r trade,33.074600,-86.078100,cto
http://auburn.craigslist.org/cto/4354270884.html,1981 chevrolet scottsdale 4x4,0,0,cto
http://auburn.craigslist.org/cto/4328369784.html,2006 GMC Sierra,0,0,cto
http://auburn.craigslist.org/spo/4354239905.html,Jack Nicklaus golf bag,0,0,spo
http://auburn.craigslist.org/jwl/4330876151.html,------- 3-Stone 1/2 Carat Diamond Ring -------,0,0,jwl
http://auburn.craigslist.org/cto/4334424921.html,Mazda RX8 Limited Shinka Greddy Turbo/Exhuast 60k miles,0,0,cto
http://auburn.craigslist.org/bar/4354217374.html,Bass  Amp  Computer  Printer,32.592000,-85.518900,bar
http://auburn.craigslist.org/vgm/4354043872.html,Nintendo WII  PS2 bundle package FOR SALE OR TRADE,32.614160,-85.479583,vgm
http://auburn.craigslist.org/mcy/4349159531.html,2004 Harley Davidson A-ROD 1130 cc ,0,0,mcy
http://auburn.craigslist.org/bid/4310354245.html, M3 Spin Bike by Keiser,33.637811,-85.825431,bid
http://auburn.craigslist.org/hab/4354207522.html,Home Gym-Yukon 4 station-300 lbs of weights and rack,0,0,hab
http://auburn.craigslist.org/tad/4350620870.html,Poker and Game Room supply Custom Chip Sets ,0,0,tad
http://auburn.craigslist.org/msg/4341907304.html,Fender GA-45SCE Acoustic-Electric,32.477900,-84.898000,msg
http://auburn.craigslist.org/sno/4354179327.html,iPhone 5 for sale,32.312900,-86.242100,sno
http://auburn.craigslist.org/for/4354065690.html,2012 Fleetwood Mobile Home,32.584952,-85.523651,for
http://auburn.craigslist.org/wan/4354181455.html,2 vehicles plus boot for your 350z!,0,0,wan
http://auburn.craigslist.org/msg/4354188275.html,"Zildjian 20"" standard cymbal bag case GREAT",0,0,msg
http://auburn.craigslist.org/pts/4354174189.html,20x8.5 Rockstars ,32.576800,-85.312000,pts
http://auburn.craigslist.org/mad/4354114350.html,NEW ALUMINUM 5 STEP LADDER,30.394200,-87.589000,mad
http://auburn.craigslist.org/hab/4354184806.html,Phillips Respironics cpap machine,32.592000,-85.518900,hab
http://auburn.craigslist.org/cto/4341209951.html,2012 Chevrolet Cruze LT2 - Lowered Price,0,0,cto
http://auburn.craigslist.org/cto/4323451876.html,I BUY BROKE CARS ($200 & UP),0,0,cto
http://auburn.craigslist.org/mob/4354176760.html,Verizon iphone 5 with Flappy Bird ,0,0,mob
http://auburn.craigslist.org/bod/4354075437.html,2006 Cobalt 272,0,0,bod
http://auburn.craigslist.org/app/4342946940.html,Roper Dryer - Free Delivery,32.610604,-85.481701,app
http://auburn.craigslist.org/had/4321441520.html,Big Savings on Dental  Prescription and Vision Expenses!,28.552300,-81.179500,had
http://auburn.craigslist.org/cto/4354164633.html,1985 GMC SWB pick-up truck,32.576800,-85.312000,cto
http://auburn.craigslist.org/cto/4354095632.html,1998 Dodge Dakota Ext Cab V6,0,0,cto
http://auburn.craigslist.org/pts/4354160017.html,285/70/17,32.621100,-85.392900,pts
http://auburn.craigslist.org/bfd/4318631205.html,WALK-INS.COOLERS.&.FREEZERS. DIRECT.786-286-2926 WALK-INS.,0,0,bfd
http://auburn.craigslist.org/mcy/4314642042.html,2007 CRF 450R,32.621100,-85.392900,mcy
http://auburn.craigslist.org/zip/4354135670.html,Free 1yr. old German shepard mix,32.576800,-85.312000,zip
http://auburn.craigslist.org/cto/4353753448.html,1994  honda civic science 5speed,32.576800,-85.312000,cto
http://auburn.craigslist.org/pts/4333466479.html,Beauitful 2006 Dura Max,32.543700,-85.687100,pts
http://auburn.craigslist.org/boa/4341747405.html,Boat and trailer,32.581086,-85.798440,boa
http://auburn.craigslist.org/boa/4325866057.html,ALBACORE ONE DESIGN SAILBOAT W/ TRAILER,32.592000,-85.518900,boa
http://auburn.craigslist.org/boa/4337372619.html,Custom leaning post,32.541459,-86.225853,boa
http://auburn.craigslist.org/gms/4341776815.html,garage sale march 1 and 2,32.581086,-85.798440,gms
http://auburn.craigslist.org/for/4342677424.html,Single Wide Mobile Home,0,0,for
http://auburn.craigslist.org/vgm/4346494840.html,turtle beach Ear Force PX3 Wireless  Headset for ps3 & 360 & pc,32.811300,-85.174900,vgm
http://auburn.craigslist.org/had/4344716686.html,Save on Medical Expenses for the Whole Household!,28.552300,-81.179500,had
http://auburn.craigslist.org/fud/4327870763.html,New Ashley Leather Sofa and Loveseat,32.385398,-86.307607,fud
http://auburn.craigslist.org/ele/4353695833.html,Xbox 360 Black 4gb slim w/ internal Hard Drive and Battlefield 4,32.547500,-85.468200,ele
http://auburn.craigslist.org/hvo/4353689142.html,live stock water tank,32.383600,-85.916200,hvo
http://auburn.craigslist.org/ptd/4329093735.html,Hoods for Mustangs  F-150  T-bird  Ranger  Capri  Malibu  El Camino  S,39.200300,-84.485900,ptd
http://auburn.craigslist.org/ele/4334026725.html,Car FM transmitter - USB/mp3 Player,32.547500,-85.468200,ele
http://auburn.craigslist.org/fuo/4353695430.html,"92"" Craftmaster Chenille Couch",32.547500,-85.468200,fuo
http://auburn.craigslist.org/cto/4344816738.html,no title-parts-no title,0,0,cto
http://auburn.craigslist.org/mad/4316809970.html,3-TAB SHINGLES WHOLESALE $39.00 per sq - ,0,0,mad
http://auburn.craigslist.org/grd/4318430815.html,CASE 990 TRACTORgreat mechanics special ,0,0,grd
http://auburn.craigslist.org/cto/4314398264.html,1995 cheavy suburban 4 door v8 auto,0,0,cto
http://auburn.craigslist.org/cto/4350228623.html,2003 Toyota Tacoma Crew Cab,32.547500,-85.468200,cto
http://auburn.craigslist.org/snd/4318753063.html,10 000 GVW 28',0,0,snd
http://auburn.craigslist.org/fuo/4353679201.html,Bombay & Company Solid Cherry Armoire,32.547500,-85.468200,fuo
http://auburn.craigslist.org/bks/4353665828.html,Calculus:  Early Transcendentals - Auburn University,0,0,bks
http://auburn.craigslist.org/cto/4353652734.html,Acura integra,30.661200,-86.594500,cto
http://auburn.craigslist.org/ele/4353669479.html,Samsung Galaxy Note 8.0 16gb tablet. BARELY USED. Perfect condition.,32.592000,-85.518900,ele
http://auburn.craigslist.org/clo/4339277208.html,White House Black Market black dress,32.592000,-85.518900,clo
http://auburn.craigslist.org/for/4327510548.html,Multiple items for trade/sale​,0,0,for
http://auburn.craigslist.org/bar/4327519962.html,Multiple items for trade/sale,0,0,bar
http://auburn.craigslist.org/cto/4319049911.html,02 Chevrolet Silverado Z71 4WD,0,0,cto
http://auburn.craigslist.org/hvd/4353591570.html,18' Big Tex Dump Trailer Dexter Axle Sale,0,0,hvd
http://auburn.craigslist.org/cto/4353296695.html,1993 Chevy 2500 Cab & Chassis,0,0,cto
http://auburn.craigslist.org/cto/4353296576.html,2000 Chevy Van,0,0,cto
http://auburn.craigslist.org/fuo/4324615585.html,furniture ,0,0,fuo
http://auburn.craigslist.org/pts/4353291271.html,2008 Ford Van Bench Seats,32.547500,-85.468200,pts
http://auburn.craigslist.org/msg/4349603407.html,Gretsch Tennessee Rose,0,0,msg
http://auburn.craigslist.org/cto/4353286228.html,2003 Chevy Blazer LS 4x4,32.961506,-85.938320,cto
http://auburn.craigslist.org/pts/4353281782.html,Head Lights off 2000 GMC 1500 Truck,32.621100,-85.392900,pts
http://auburn.craigslist.org/clo/4353264188.html,Evening Dress,32.621200,-85.184000,clo
http://auburn.craigslist.org/msg/4353238520.html,Native Instruments - Maschine Studio,32.621100,-85.392900,msg
http://auburn.craigslist.org/hsh/4330485204.html,White Wood Plantation Shutters ,0,0,hsh
http://auburn.craigslist.org/clo/4332809852.html,Women's Leather Sundance Boots Size 9,0,0,clo
http://auburn.craigslist.org/cto/4353122792.html,for sale 2006 volkswagen passat,25.606200,-80.342600,cto
http://auburn.craigslist.org/cto/4353194594.html,2005 Honda Accord LX Autmatic,47.288400,-122.098000,cto
http://auburn.craigslist.org/cto/4353216892.html,1984 Bluebird School Bus with handicap lift,0,0,cto
http://auburn.craigslist.org/cto/4353208873.html,2003 ford f150 119k miles on it ,0,0,cto
http://auburn.craigslist.org/msg/4353192303.html,Gibson Les Paul Jr. Lookalike + Amp + Strap & Cables,0,0,msg
http://auburn.craigslist.org/spo/4353204970.html,Anglers Fishin-N-Mate rod holders,32.547500,-85.468200,spo
http://auburn.craigslist.org/for/4353210151.html,Busch bar mirror,32.547500,-85.468200,for
http://auburn.craigslist.org/spo/4353206857.html,hot foot throttle,32.547500,-85.468200,spo
http://auburn.craigslist.org/cto/4325545350.html,2005 4x4 crew cab gmc duramax wrecker,0,0,cto
http://auburn.craigslist.org/spo/4353201224.html,Anglers Fishin-N-Mate rod holders,32.547500,-85.468200,spo
http://auburn.craigslist.org/gms/4353198839.html,Feb28-Mar1 ;4pm  Fri/Sat am furn  baby  kids  electronics  etc.,32.595118,-85.453294,gms
http://auburn.craigslist.org/fuo/4353187737.html,Entertainment Center Cabinet,33.042400,-85.324300,fuo
http://auburn.craigslist.org/spo/4353183123.html,Looking for turkey lease,0,0,spo
http://auburn.craigslist.org/bab/4346969934.html,Sunshine Kids Radian 80 + Prince Lionheart 2 Seatsaver,0,0,bab
http://auburn.craigslist.org/cto/4348587800.html,2000 F-150,0,0,cto
http://auburn.craigslist.org/bar/4353171148.html,89 Bronco 2,0,0,bar
http://auburn.craigslist.org/fuo/4339817041.html,Chair with matching ottoman,0,0,fuo
http://auburn.craigslist.org/rvd/4309856778.html,1999 Safari Zanzibar 3886 Class A - Diesel ,34.987602,-85.197470,rvd
http://auburn.craigslist.org/sno/4352983618.html,2009 Polaris RZR-S 800,0,0,sno
http://auburn.craigslist.org/cto/4350019446.html,2009 Kia Borrego  PRICE REDUCED,0,0,cto
http://auburn.craigslist.org/fuo/4353136827.html,Sectional piece,32.547500,-85.468200,fuo
http://auburn.craigslist.org/fuo/4328177939.html, FIRE SCREEN FOR WOOD HEATER,32.613641,-85.321026,fuo
http://auburn.craigslist.org/grd/4352708938.html,help wanted,32.576800,-85.312000,grd
http://auburn.craigslist.org/pts/4352689708.html,1970+ plymouth duster parts mopar 340,0,0,pts
http://auburn.craigslist.org/bab/4352683654.html,Stroller + Car Seat & Base/Travel System,0,0,bab
http://auburn.craigslist.org/fod/4352627271.html,WE HAVE 100'S OF GOLF CARTS!!!!!!!!!!!,0,0,fod
http://auburn.craigslist.org/msg/4352660028.html,Dunlop Cry Baby Wah Pedal,0,0,msg
http://auburn.craigslist.org/mcy/4344800746.html,2001 Harley Davison Wideglide,32.576800,-85.312000,mcy
http://auburn.craigslist.org/ele/4341888948.html,Sony Subwoofer for Home Theater,32.621100,-85.392900,ele
http://auburn.craigslist.org/ele/4352465316.html,"""Only $40 Down or No Credit Needed"" Toshiba - Satellite 15.6"" Laptop",0,0,ele
http://auburn.craigslist.org/ele/4342006763.html,Sony Home Theater Subwoofer Front Firing,0,0,ele
http://auburn.craigslist.org/fuo/4342270483.html,2 End Tables/small coffee tables for sale,0,0,fuo
http://auburn.craigslist.org/fuo/4342283845.html,Nice Glass/Metal Tv stand/Entertainment Center,32.621100,-85.392900,fuo
http://auburn.craigslist.org/ele/4343542026.html,Jensen Bass Tube,32.621100,-85.392900,ele
http://auburn.craigslist.org/cto/4352646996.html,2000 Lexus RX300 For Sale. Serious Inquiries Only Please.,32.603076,-85.422171,cto
http://auburn.craigslist.org/cto/4337703139.html,2004 Ford Escape XLT 4x4,0,0,cto
http://auburn.craigslist.org/ptd/4334524466.html,Aftermarket Jeep YJ hood catch latch,33.284500,-84.591800,ptd
http://auburn.craigslist.org/pts/4340632103.html,2000 Chevy Lumina Transmission,0,0,pts
http://auburn.craigslist.org/tls/4352597140.html,wielding sticks 7018 6011 6010 sale ir trade,32.576800,-85.312000,tls
http://auburn.craigslist.org/mcy/4336321937.html,Royal Star Touring Deluxe,0,0,mcy
http://auburn.craigslist.org/cto/4330782350.html,87 Square body Chevy w/26s first 4000 gets it,32.811300,-85.174900,cto
http://auburn.craigslist.org/clo/4317505662.html,Woman's Sperry shoes,0,0,clo
http://auburn.craigslist.org/bab/4328637100.html,"Pottery Barn Teen Metal Letter ""S""",0,0,bab
http://auburn.craigslist.org/bfs/4352494283.html,VENDING,32.547500,-85.468200,bfs
http://auburn.craigslist.org/bab/4328648967.html,Toile Diaper/book bag,0,0,bab
http://auburn.craigslist.org/pts/4352574608.html,Black 22s with 305/45/22 ,0,0,pts
http://auburn.craigslist.org/app/4352562556.html,fridge/freezer for sale,32.782700,-85.647400,app
http://auburn.craigslist.org/app/4352559841.html,Turbo Chopper Food Processor ,0,0,app
http://auburn.craigslist.org/cto/4349408403.html,2008 GMC Sierra 2500HD Z71 4x4 Duramax ,32.621100,-85.392900,cto
http://auburn.craigslist.org/cto/4349377798.html,Custom 1984 K5 Blazer. Over $20 000 in upgrades!! ONLY 65 000 Miles!,32.621100,-85.392900,cto
http://auburn.craigslist.org/vgm/4352545187.html,PS3 games for sale ,33.216900,-85.405700,vgm
http://auburn.craigslist.org/pts/4352532231.html,"33"" 20s Cooper A/T3 ",0,0,pts
http://auburn.craigslist.org/fuo/4341678447.html,Side Table / Cabinet,0,0,fuo
http://auburn.craigslist.org/fuo/4341682471.html,Green Power Recline Sofa,0,0,fuo
http://auburn.craigslist.org/fuo/4352116523.html,Great Wooden Dining Table with Leaf,0,0,fuo
http://auburn.craigslist.org/emd/4352116476.html,12 Elvis Movies VHS !ALL BRAND NEW! STILL SHRINK WRAPPED!,0,0,emd
http://auburn.craigslist.org/spo/4352116434.html,"Soft Ball Bat Worth Carl Rose Powercell 12"" Barrel CU31 28oz 34in",0,0,spo
http://auburn.craigslist.org/cto/4344858700.html,1999 BOX VAN,32.305300,-85.167700,cto
http://auburn.craigslist.org/grd/4352109432.html,Baby Male Chinchilla,0,0,grd
http://auburn.craigslist.org/pts/4352108842.html,2000-2006 CHEVY/GMC-NISSAN PARTS,32.667096,-85.262215,pts
http://auburn.craigslist.org/sno/4352096302.html,2005 Honda 450r,32.679700,-84.546200,sno
http://auburn.craigslist.org/mob/4344716899.html,iPhone 4S wall charger,32.547500,-85.468200,mob
http://auburn.craigslist.org/mob/4344716280.html,Ballistic iPhone4s case,32.547500,-85.468200,mob
http://auburn.craigslist.org/bfd/4335712402.html, Be your own boss -- Join the mobile marketing revolution,0,0,bfd
http://auburn.craigslist.org/clo/4352077028.html,Air Jordan Retro 11 Concords Size 8.5 Deadstock,32.592000,-85.518900,clo
http://auburn.craigslist.org/pts/4352029586.html,Huge LED Light Bar - Offroad  Hunting  Fishing,0,0,pts
http://auburn.craigslist.org/wan/4352040086.html,wanting amp and sub,32.621100,-85.392900,wan
http://auburn.craigslist.org/rvs/4352017098.html,2006 Salem LE by River Forest,31.834935,-85.164672,rvs
http://auburn.craigslist.org/ele/4341662853.html,SONY TV!! NICE PICTURE...,0,0,ele
http://auburn.craigslist.org/for/4335588218.html,TIMBERLAND BOOTS  LIKE NEW!!,0,0,for
http://auburn.craigslist.org/sys/4351988660.html,"15"" Retina Macbook Pro",0,0,sys
http://auburn.craigslist.org/grd/4351990290.html,1953 John Deere Tractor Model 40T,33.024300,-85.073900,grd
http://auburn.craigslist.org/ele/4351989809.html,TI-84 Plus Silver Edition Graphing Calculator,0,0,ele
http://auburn.craigslist.org/msd/4351979843.html,☆☆ Stunning Satin Ebony Yamaha GH1 Baby Grand Piano ,0,0,msd
http://auburn.craigslist.org/mob/4351964581.html,IPhone 4S like new at&t UNLOCKED with 16GB(Black),32.547500,-85.468200,mob
http://auburn.craigslist.org/spo/4351957816.html,2013 Easton XL3  $100.00,0,0,spo
http://auburn.craigslist.org/fuo/4344057482.html,sofa / mid century modern style,32.547500,-85.468200,fuo
http://auburn.craigslist.org/pts/4351941008.html,s 10 rear end  for automatic,32.576800,-85.312000,pts
http://auburn.craigslist.org/clo/4351925228.html,Wedding Dress ,0,0,clo
http://auburn.craigslist.org/pts/4351915809.html,mustang gt h/x pipe,32.420400,-85.079600,pts
http://auburn.craigslist.org/hvo/4351910578.html,pinnel hook  like new,32.576800,-85.312000,hvo
http://auburn.craigslist.org/for/4351896919.html,nice riding lawn mower 16hp 42 inch,0,0,for
http://auburn.craigslist.org/hsh/4351895768.html,Curtains - 4 panels,32.547500,-85.468200,hsh
http://auburn.craigslist.org/fuo/4351893717.html,None,32.547500,-85.468200,fuo
http://auburn.craigslist.org/for/4327872185.html,VINTAGE STEAMER WARDROBE TRUNK / CHEST,0,0,for
http://auburn.craigslist.org/for/4323492949.html,$75 GIFT CARD TO PLAY IT AGAIN SPORTS,0,0,for
http://auburn.craigslist.org/for/4327866024.html,2 ATV / 4 WHEELER TIRES  HOLESHOT MX AT20X6-10,0,0,for
http://auburn.craigslist.org/fuo/4337807614.html,VANITY / MIRROR WITH BUILT IN TV COMBO,0,0,fuo
http://auburn.craigslist.org/app/4345631177.html,FREE! Gas Dryer MAYTAG Great Condition! Drys Fast!,0,0,app
http://auburn.craigslist.org/cto/4342884055.html,2004 Pt Cruiser,0,0,cto
http://auburn.craigslist.org/pts/4351501792.html,07-13 Chevy Silverado white grill,32.520100,-85.100000,pts
http://auburn.craigslist.org/tld/4344456815.html,Machine Buyers,0,0,tld
http://auburn.craigslist.org/cto/4339182830.html,1990 Lexus lS 400 Very Clean  88k Miles!!!,32.613717,-85.471555,cto
http://auburn.craigslist.org/clt/4330866452.html,1998 Lincoln Continental 117K Miles 1 Owner!! - $4500,32.613602,-85.472065,clt
http://auburn.craigslist.org/zip/4312981868.html,Free To Good Home Or Property  !!!!,32.613602,-85.472065,zip
http://auburn.craigslist.org/for/4351497345.html,New World Market canvas,0,0,for
http://auburn.craigslist.org/pts/4351485855.html,TIRES - 1 SET 245/40Z-18,32.621100,-85.392900,pts
http://auburn.craigslist.org/tag/4351483986.html,"27"" Glitter Lava Lamp",0,0,tag
http://auburn.craigslist.org/ele/4351479640.html,JL Audio amp 250/1,32.520100,-85.100000,ele
http://auburn.craigslist.org/cto/4351458456.html,'96 Mercury Sable,0,0,cto
http://auburn.craigslist.org/sno/4351447999.html,Honda Foreman 500 front and rear racks,32.520100,-85.100000,sno
http://auburn.craigslist.org/tls/4351397736.html,need craftsman contractor saw parts,0,0,tls
http://auburn.craigslist.org/fod/4351342380.html,Cars for sale/Acura/Audi/BMW/Cadillac/Chevrolet ,33.938100,-84.197200,fod
http://auburn.craigslist.org/tid/4351415589.html,MUST SELL 1 - 10 TICKETS LOWER LEVEL SEATS - PRIME VIEW,0,0,tid
http://auburn.craigslist.org/fuo/4351414592.html,ROCKER/GLIDER & OTTOMAN- LIKE NEW $90 Or Best Offer,0,0,fuo
http://auburn.craigslist.org/art/4351413330.html,Wine & Liquor bottles for crafts- Great as Centerpieces,0,0,art
http://auburn.craigslist.org/cto/4342978862.html,2002 pontiac Grand Prix gt Price Reduction!!!!!!!!!,0,0,cto
http://auburn.craigslist.org/grq/4309485302.html,Big Tex Gooseneck Equipment Hauler $5330.00,0,0,grq
http://auburn.craigslist.org/fuo/4351381170.html,Washer & Dryer for Sale,32.811300,-85.174900,fuo
http://auburn.craigslist.org/for/4351212747.html,POMERANIAN,32.560559,-85.295277,for
http://auburn.craigslist.org/bfd/4351165251.html,MEDICAL PATIENT TRANSPORT,0,0,bfd
http://auburn.craigslist.org/for/4351360640.html,Dog kennel for sale!,0,0,for
http://auburn.craigslist.org/mad/4328858154.html,DEAL PACK - 2x8 T&G-V Groove ,0,0,mad
http://auburn.craigslist.org/for/4351186317.html,Get a FREE Vapor Pen ,0,0,for
http://auburn.craigslist.org/ptd/4322681607.html,5.3 Engine,32.621100,-85.392900,ptd
http://auburn.craigslist.org/pts/4322719662.html,Toyota Truck,32.621100,-85.392900,pts
http://auburn.craigslist.org/sno/4332270336.html,Yamaha G22 electric,0,0,sno
http://auburn.craigslist.org/hvd/4332965126.html,New $7440 Equipment Trailer   20 Foot,0,0,hvd
http://auburn.craigslist.org/ele/4350803223.html,Pioneer PD-M423 6-Disc CD Player with remote,0,0,ele
http://auburn.craigslist.org/bar/4350830145.html,2 Craftsman riding mowers for trade,0,0,bar
http://auburn.craigslist.org/fuo/4326106553.html,Solid Oak High Top Table and Stools,0,0,fuo
http://auburn.craigslist.org/fuo/4321788077.html,Corner Entertainment Center,0,0,fuo
http://auburn.craigslist.org/cto/4350849294.html,1975 Custom Deluxe Runs A1,0,0,cto
http://auburn.craigslist.org/fud/4350849238.html,Fireproof Files,32.473000,-84.979500,fud
http://auburn.craigslist.org/cto/4350846513.html,truck for sale,32.543700,-85.687100,cto
http://auburn.craigslist.org/cto/4350841582.html,1996 Acura 2.5 TL ,32.592000,-85.518900,cto
http://auburn.craigslist.org/spo/4333661489.html,Bridgestone E7 Golf Balls,0,0,spo
http://auburn.craigslist.org/bar/4330006021.html,Beats by Dr. Dre Solo HD White,0,0,bar
http://auburn.craigslist.org/ctd/4350833441.html,500dn 03 Ford Explorer  04 Toyota Corolla  or 03-05 Ford Ranger,32.621100,-85.392900,ctd
http://auburn.craigslist.org/fuo/4344124513.html,Dining Room Set - with Buffet and China Cabinet,32.811300,-85.174900,fuo
http://auburn.craigslist.org/cto/4350811176.html,Ram 1500,0,0,cto
http://auburn.craigslist.org/fuo/4350805886.html,Burgundy LEATHER Recliner,0,0,fuo
http://auburn.craigslist.org/cto/4350802877.html,94 explorer,32.621100,-85.392900,cto
http://auburn.craigslist.org/jwl/4308396062.html,Women's Auburn Tigers watch..new!,0,0,jwl
http://auburn.craigslist.org/ptd/4317106698.html,"3/16"" Brake Line",0,0,ptd
http://auburn.craigslist.org/boa/4350772311.html,**NICE** CHAPARREL SS LIMITED EDITION BOAT(LOW HOURS) WITH TRAILER,32.822400,-85.770400,boa
http://auburn.craigslist.org/tag/4350769762.html,ABCs  World map  ,32.576800,-85.312000,tag
http://auburn.craigslist.org/cto/4350768943.html,2005 Ford F-250 ,0,0,cto
http://auburn.craigslist.org/bfs/4330262023.html,Retail/Events/Offices/Restaurant ,32.603952,-85.587788,bfs
http://auburn.craigslist.org/for/4350750056.html,Carex Adult Crutches ,0,0,for
http://auburn.craigslist.org/mob/4350755989.html,I Phone 4s VERIZON,32.592000,-85.518900,mob
http://auburn.craigslist.org/bab/4350735499.html,ABC letters  World map  slide,32.576800,-85.312000,bab
http://auburn.craigslist.org/fuo/4350728777.html,LIKE BRAND NEW QUEEN BEDROOM SUITE,0,0,fuo
http://auburn.craigslist.org/ele/4350724031.html,Radeon X1600XT 256MB PCI 3D Video Card,0,0,ele
http://auburn.craigslist.org/cto/4350722458.html,F150,0,0,cto
http://auburn.craigslist.org/clo/4350732890.html,Kamik size 1 girls boots,0,0,clo
http://auburn.craigslist.org/cto/4322643116.html,F150 STEPSIDE TOPPER ,32.861600,-85.216100,cto
http://auburn.craigslist.org/cto/4350130381.html,****2000 Chevy 3500 Crew Cab****,33.721700,-84.333900,cto
http://auburn.craigslist.org/bar/4329979738.html,Trade motorcycle for?,30.351100,-87.274900,bar
http://auburn.craigslist.org/boa/4326572217.html,AWESOME AFFORDABLE SKI BOAT!!,0,0,boa
http://auburn.craigslist.org/ele/4341159536.html,Vizio 22inch HD TV,0,0,ele
http://auburn.craigslist.org/vgm/4341168760.html,Xbox 360 120 gb for sale with games,0,0,vgm
http://auburn.craigslist.org/cto/4340003177.html,2013 DODGE RAM UPGRADES,31.571000,-86.274300,cto
http://auburn.craigslist.org/ele/4350189793.html,Ipad 4 32GB WIFI,0,0,ele
http://auburn.craigslist.org/fuo/4350197976.html,Desk for Sale,0,0,fuo
http://auburn.craigslist.org/mad/4343172879.html,ROOFING OUTLET SPECIAL *ARCHITECT SHINGLE $65.00,33.809458,-84.437297,mad
http://auburn.craigslist.org/mcy/4350185797.html,2009 HONDA 750 ,31.905100,-85.165600,mcy
http://auburn.craigslist.org/grd/4350135092.html,Like new Troy Bilt Self Propelled Mower,32.554627,-85.502429,grd
http://auburn.craigslist.org/cto/4319424051.html,1995 Jeep Wrangler,0,0,cto
http://auburn.craigslist.org/sno/4349985591.html,Golf Cart ,0,0,sno
http://auburn.craigslist.org/cto/4350091028.html,2010 BMW 650i Convertible,32.592000,-85.518900,cto
http://auburn.craigslist.org/cto/4318976432.html,2011 BMW 528i,0,0,cto
http://auburn.craigslist.org/ele/4350057721.html,09 model Alpine Radio,0,0,ele
http://auburn.craigslist.org/ele/4350067830.html,Sony VLP-AW15 HDTV Projector,0,0,ele
http://auburn.craigslist.org/cto/4350039033.html,1986 RS Z28 T-Top Camero,0,0,cto
http://auburn.craigslist.org/msg/4350024856.html,Taylor Big Baby,32.383400,-86.243400,msg
http://auburn.craigslist.org/hvd/4349826488.html,$14665.00 Car Trailer,0,0,hvd
http://auburn.craigslist.org/cto/4349994417.html,"2008- 2010 ford f250/350 8.5"" skyjacker 4 link lift",0,0,cto
http://auburn.craigslist.org/jwl/4349995894.html,˝ carat diamond engagement ring (I.G.I. cert.) ,32.547500,-85.468200,jwl
http://auburn.craigslist.org/snd/4326014911.html,"Brand New 4wheelers  Dirt Bikes & Scooters-""Entire Inventory Sale""",0,0,snd
http://auburn.craigslist.org/sys/4349845614.html,windows phone,0,0,sys
http://auburn.craigslist.org/mcy/4306407747.html,2009 Harley Davidson Ultra Classic Electra Glide,0,0,mcy
http://auburn.craigslist.org/rvs/4349978455.html,1996 MCI bus conversion tailgate vehicle,0,0,rvs
http://auburn.craigslist.org/cto/4332389600.html,1990 DODGE DYNASTY,32.621100,-85.392900,cto
http://auburn.craigslist.org/for/4349954716.html,New Pottery Barn Maren rug,0,0,for
http://auburn.craigslist.org/mob/4349952773.html,Iphone 4 with flappy bird,0,0,mob
http://auburn.craigslist.org/grq/4349868294.html,Storage Buildings!! Built on Site! 8x10+,34.019100,-83.826100,grq
http://auburn.craigslist.org/cto/4349935791.html,01 Dodge Durango,32.576800,-85.312000,cto
http://auburn.craigslist.org/clo/4349923702.html,Prom dresses!,32.576800,-85.312000,clo
http://auburn.craigslist.org/boa/4338468931.html,need gone today 400.00,32.576800,-85.312000,boa
http://auburn.craigslist.org/mob/4349368787.html,Verizon phone line,32.571699,-85.503674,mob
http://auburn.craigslist.org/grq/4337117984.html,$14665.00 Car Hauler On Sale,0,0,grq
http://auburn.craigslist.org/mcd/4349335599.html,2006 Candy Orange Champion Trike,34.949600,-86.593500,mcd
http://auburn.craigslist.org/mob/4349151228.html,Cell Phone Bluetooth ,0,0,mob
http://auburn.craigslist.org/wan/4349314642.html,2006 Chevy 1500 Brush Guard Wanted,0,0,wan
http://auburn.craigslist.org/bfs/4343817642.html,Display Cooler/Fridge for a Business,32.621100,-85.392900,bfs
http://auburn.craigslist.org/mcy/4349305185.html,O3 Gxsr (low miles),0,0,mcy
http://auburn.craigslist.org/boa/4349293819.html,trolling motor,0,0,boa
http://auburn.craigslist.org/pts/4349279822.html,Chevy GM 327 350 V8 Double Hump Heads,32.613561,-85.472244,pts
http://auburn.craigslist.org/grq/4309899099.html,2013 American Sportworks LM400 w/ Snow Plow,0,0,grq
http://auburn.craigslist.org/hab/4349268276.html,CPAP for sale,32.822400,-85.770400,hab
http://auburn.craigslist.org/mod/4349156134.html,at&t iPhone Factory unlock service ,0,0,mod
http://auburn.craigslist.org/eld/4349229752.html,60 Watt PA Amplifier,32.648672,-85.379722,eld
http://auburn.craigslist.org/bab/4349244892.html,Toddler Bed with Mattress ,0,0,bab
http://auburn.craigslist.org/eld/4349203140.html,25' SPEAKER CABLE,32.648672,-85.379722,eld
http://auburn.craigslist.org/eld/4349210746.html,Audix Hand Held Microphone,32.649138,-85.380227,eld
http://auburn.craigslist.org/pts/4349213215.html,Verde Regency 17-Inch Wheels,32.547500,-85.468200,pts
http://auburn.craigslist.org/eld/4349208090.html,XY LF-369D Solder Station,32.649138,-85.380227,eld
http://auburn.craigslist.org/eld/4349205656.html,Security Bit Set  62 Pieces,32.649138,-85.380227,eld
http://auburn.craigslist.org/grq/4349092143.html,Heirlooom Pink Eyed Purple Hull Peas,0,0,grq
http://auburn.craigslist.org/hvd/4338512749.html,$7600.00 Gooseneck Equipment Trailer 20 Foot,0,0,hvd
http://auburn.craigslist.org/cto/4349175613.html,1998 trans am ,32.576800,-85.312000,cto
http://auburn.craigslist.org/cto/4349140059.html,1999 Honda Accord,0,0,cto
http://auburn.craigslist.org/hsh/4349157673.html,Antique Brass lamps,32.576800,-85.312000,hsh
http://auburn.craigslist.org/ppd/4338758237.html,Energy efficient packaged HVAC units,0,0,ppd
http://auburn.craigslist.org/for/4309267549.html,Chinon CM3 Camera with multi lenses,0,0,for
http://auburn.craigslist.org/app/4311131324.html,"19"" zenith color tv (1999 model)",0,0,app
http://auburn.craigslist.org/grq/4314633032.html,New Cargo Trailer w/Ramp $2129 6'x12',0,0,grq
http://auburn.craigslist.org/bfd/4308359261.html,Party Tent supplies for sale cheap all new,0,0,bfd
http://auburn.craigslist.org/cto/4330875127.html,2006 Toyota 4Runner Limited,0,0,cto
http://auburn.craigslist.org/clt/4329623835.html,Opelika State Tech 1972 yearbook,32.547500,-85.468200,clt
http://auburn.craigslist.org/pts/4348882284.html,2007 buick lacrosse left front door ,0,0,pts
http://auburn.craigslist.org/boa/4334923635.html,15 ft aluminum Jon boat,32.592000,-85.518900,boa
http://auburn.craigslist.org/hsh/4348873558.html,american of martinville bedroom set,0,0,hsh
http://auburn.craigslist.org/cto/4348855475.html,2001 Ford Tarus,0,0,cto
http://auburn.craigslist.org/clo/4348850811.html,Snake skin Tory Burch flats,32.603880,-85.481658,clo
http://auburn.craigslist.org/ele/4348863135.html,Sirius Satellite radio,0,0,ele
http://auburn.craigslist.org/cto/4348853621.html,01 Ford Taurus,32.925200,-85.442600,cto
http://auburn.craigslist.org/grd/4348837619.html,Hog Dogs,33.171700,-86.271300,grd
http://auburn.craigslist.org/cto/4348853514.html,1994 z71,0,0,cto
http://auburn.craigslist.org/cto/4348847535.html,1995 Jeep Wrangler (Rio Grande),32.592000,-85.518900,cto
http://auburn.craigslist.org/emd/4348818354.html,Twin Size Mattress and Frame,0,0,emd
http://auburn.craigslist.org/fuo/4345576704.html,dining room table ,0,0,fuo
http://auburn.craigslist.org/fuo/4345575873.html,queen size bedroom suite,0,0,fuo
http://auburn.craigslist.org/cto/4348816511.html,2004 Nissan Titan,32.627810,-85.457497,cto
http://auburn.craigslist.org/for/4348729091.html,Plasma art,0,0,for
http://auburn.craigslist.org/ele/4348666146.html,Get top value for your used items!,32.592000,-85.518900,ele
http://auburn.craigslist.org/grd/4348802519.html,EXCELLENT KIDS HORSE 9 YR OLD PALOMINO GELDING,0,0,grd
http://auburn.craigslist.org/sys/4348785779.html,Dell Optiplex 745,32.941268,-85.957375,sys
http://auburn.craigslist.org/mob/4345648011.html,BlackBerry Bold 9650,0,0,mob
http://auburn.craigslist.org/hab/4348671507.html,No dental coverage? Save 25-80%!!!,0,0,hab
http://auburn.craigslist.org/mob/4348743725.html,Needin cellphone,0,0,mob
http://auburn.craigslist.org/pts/4348767172.html,14b full floater rear axle,0,0,pts
http://auburn.craigslist.org/grd/4348765439.html,Yellow Lab free to great home !!!,0,0,grd
http://auburn.craigslist.org/mob/4308883952.html,T-Mobile lg g2,0,0,mob
http://auburn.craigslist.org/cto/4348729927.html,Ford Crown Victoria ,0,0,cto
http://auburn.craigslist.org/wan/4339988624.html,Best Prices Paid for all Old Coins,32.753932,-85.276394,wan
http://auburn.craigslist.org/cto/4348739636.html,2007 Chevrolet Trailblazer 4x4,0,0,cto
http://auburn.craigslist.org/sno/4348731574.html,atv tires ,0,0,sno
http://auburn.craigslist.org/for/4348723662.html,audio tube/ cooler radio stereo,32.811300,-85.174900,for
http://auburn.craigslist.org/wan/4348717566.html,WTB Antique Sword Canes or Gadget Canes of any sort,0,0,wan
http://auburn.craigslist.org/grd/4348720142.html,horse,32.621200,-85.184000,grd
http://auburn.craigslist.org/bik/4336471820.html,Giro Bicycle Helmet,0,0,bik
http://auburn.craigslist.org/grd/4348716367.html,Bombproof red roan started on barrels ,0,0,grd
http://auburn.craigslist.org/hsh/4321114255.html,Easy Dry- Portable Clothes Dryer,0,0,hsh
http://auburn.craigslist.org/for/4334029025.html,Car FM transmitter -USB/mp3 Player,32.614508,-85.479599,for
http://auburn.craigslist.org/cto/4348190670.html,truck,0,0,cto
http://auburn.craigslist.org/clo/4336311688.html,Formal/executive shirts (brand new  never used),32.547500,-85.468200,clo
http://auburn.craigslist.org/ele/4340991780.html,12' SUBWOOFERS (2) AND AMPLIFIERS (2),32.547500,-85.468200,ele
http://auburn.craigslist.org/cto/4340337173.html,2001 LINCOLN COMTINENTAL,33.605300,-84.481300,cto
http://auburn.craigslist.org/sgd/4307077216.html,TechnoGym Synchro Excite 700,33.637632,-85.825453,sgd
http://auburn.craigslist.org/for/4307195380.html,Used restaurant equipment,0,0,for
http://auburn.craigslist.org/bfs/4348183928.html,EVERYTHING FOR SALE FROM HAUNTED HOUSE,32.835500,-86.642500,bfs
http://auburn.craigslist.org/sgd/4309432432.html,Adjustable Bench by TechnoGym,33.637829,-85.825324,sgd
http://auburn.craigslist.org/grq/4342864635.html,6.5x10-$1180 Single Axle Trailer,0,0,grq
http://auburn.craigslist.org/fuo/4331059568.html,Shabby Chic Butler's Table,0,0,fuo
http://auburn.craigslist.org/fuo/4330463116.html,Large sofa with slipcover,0,0,fuo
http://auburn.craigslist.org/fuo/4340470494.html,Beautiful Oak High Top Table and Stools,0,0,fuo
http://auburn.craigslist.org/fuo/4340464196.html,Corner Entertainment Center,0,0,fuo
http://auburn.craigslist.org/cto/4325224361.html, Rare Antique Jeep Truck,32.621100,-85.392900,cto
http://auburn.craigslist.org/rvs/4325248500.html,26Ft Wildcat 5th wheel Camper,32.621100,-85.392900,rvs
http://auburn.craigslist.org/hvo/4348150218.html,Caterpillar 963,0,0,hvo
http://auburn.craigslist.org/ele/4348125947.html,Kicker CVR and 1000 watt amp,32.592000,-85.518900,ele
http://auburn.craigslist.org/spo/4348117103.html,Baseball glove-NEW with new baseball,32.578200,-85.349000,spo
http://auburn.craigslist.org/msg/4348101411.html,BALDWIN CINCINNATE USA GRAND PIANO,32.128300,-86.041300,msg
http://auburn.craigslist.org/ele/4348092015.html,audiovox rear view mirror tv,32.621100,-85.392900,ele
http://auburn.craigslist.org/ele/4348070061.html,Tons of Stereo Equipment for Sale or Trade-Sony Yamaha Bose etc.,31.628700,-86.734000,ele
http://auburn.craigslist.org/mob/4348087042.html, lg lucid 2 Verizon ,32.621100,-85.392900,mob
http://auburn.craigslist.org/grd/4348078020.html,rehoming fullblood pits,0,0,grd
http://auburn.craigslist.org/hsh/4348071223.html,Pots and pans  utensils and Pyrex,0,0,hsh
http://auburn.craigslist.org/mob/4348054986.html,Samsung Galaxy S3 At&t,0,0,mob
http://auburn.craigslist.org/fud/4329195984.html,Queen Sleigh Bedroom Set,32.385452,-86.307628,fud
http://auburn.craigslist.org/fud/4329220454.html,New Serta Sienna Chocolate Sofa and Loveseat,32.384487,-86.307805,fud
http://auburn.craigslist.org/for/4348045884.html,Ornate plant stand,32.578200,-85.349000,for
http://auburn.craigslist.org/fuo/4347335773.html,Moving sale,0,0,fuo
http://auburn.craigslist.org/msd/4347329687.html,☆☆ STUNNING EBONY YAMAHA GA1 GRAND PIANO WITH PLAYER ,33.865600,-84.072500,msd
http://auburn.craigslist.org/cto/4347306870.html,1972 impala 3500 obo,0,0,cto
http://auburn.craigslist.org/app/4347302841.html,4sale frontloader whilpood ,32.576800,-85.312000,app
http://auburn.craigslist.org/boa/4338684124.html,Bayliner 2050 trade for pontoon boat or camper,0,0,boa
http://auburn.craigslist.org/cto/4347255965.html,2001 Toyota Tacoma PreRunner,0,0,cto
http://auburn.craigslist.org/clt/4328444142.html,I BUY AND SELL VINYL RECORDS ,32.811300,-85.174900,clt
http://auburn.craigslist.org/app/4347273705.html,Whirlpool conquest side by side refrigerator,0,0,app
http://auburn.craigslist.org/clo/4347169468.html,Looking for avon customers,40.606800,-75.478100,clo
http://auburn.craigslist.org/pts/4347266895.html,26inch rims,0,0,pts
http://auburn.craigslist.org/app/4347263176.html,Whirlpool duet front load washer and dryer,0,0,app
http://auburn.craigslist.org/ele/4347254888.html,Custom sub box ,0,0,ele
http://auburn.craigslist.org/mob/4347253032.html,iPhone 4 with Flappy Bird ,0,0,mob
http://auburn.craigslist.org/ptd/4322441036.html,USED JAPANESE ENGINES & TRANSMISSIONS $300UP,33.946200,-118.201300,ptd
http://auburn.craigslist.org/for/4347246301.html,90 gal SALTWATER AQUARIUM - $850 (AUBURN  AL) ,32.547500,-85.468200,for
http://auburn.craigslist.org/cto/4342938449.html,1991 Mazda Miata,0,0,cto
http://auburn.craigslist.org/pts/4347236801.html,Stock headlights and fog lights for 05 dakota,0,0,pts
http://auburn.craigslist.org/mcy/4347243739.html,2008 Harley Davidson Dyna Low Rider,32.945117,-85.941712,mcy
http://auburn.craigslist.org/cto/4347174765.html,'96 Mercury Sable,0,0,cto
http://auburn.craigslist.org/boa/4347235817.html,motorguide foot controlled trolling motor,0,0,boa
http://auburn.craigslist.org/jwl/4344189619.html,Wholesale Jewelry only $0.83 ,37.720500,-122.158700,jwl
http://auburn.craigslist.org/pts/4305015777.html,Toyota 22R 22RE Head,0,0,pts
http://auburn.craigslist.org/pts/4305029328.html,22R Engine Rebuilt,33.680300,-85.713700,pts
http://auburn.craigslist.org/spo/4347212076.html,SOLOFLEX EXERCISE EQUIPMENT,32.688446,-85.324287,spo
http://auburn.craigslist.org/spo/4347201049.html,Gold's Gym Stride Trainer 380 Elliptical,0,0,spo
http://auburn.craigslist.org/cto/4347192188.html,79 k5,0,0,cto
http://auburn.craigslist.org/clo/4331085278.html,Prom dress size 14,0,0,clo
http://auburn.craigslist.org/pts/4347058888.html,PARTING OUT 2002 Dodge Dakota QUAD CAB 3.9 2WD V6 313 759 0001,42.366100,-83.142200,pts
http://auburn.craigslist.org/boa/4347187457.html,Ski boat,0,0,boa
http://auburn.craigslist.org/sys/4347185201.html,Norton-AntiVirus With Antispyware Disc,0,0,sys
http://auburn.craigslist.org/sys/4347179302.html,Netgear Router ,0,0,sys
http://auburn.craigslist.org/ele/4347172080.html,Garmin nuvi 1450 GPS,0,0,ele
http://auburn.craigslist.org/cto/4347155228.html,88 k5 lifted,0,0,cto
http://auburn.craigslist.org/fuo/4339807078.html,Lazy Boy 7ft. couch and chair,0,0,fuo
http://auburn.craigslist.org/cto/4346470782.html,1977 Chevy 4x4,32.520100,-85.100000,cto
http://auburn.craigslist.org/rvs/4346487661.html,2008 Forest River Fifth wheel by Rockwood,32.628800,-85.001700,rvs
http://auburn.craigslist.org/cto/4305942599.html,1984 Ford Bronco XLT 4x4,0,0,cto
http://auburn.craigslist.org/fuo/4346429568.html,man cave drum tables,0,0,fuo
http://auburn.craigslist.org/tix/4346415320.html,SEC Women's Basketball Tournament,35.250700,-87.352600,tix
http://auburn.craigslist.org/cto/4346426737.html,1991 Chevy silverado,32.861600,-85.216100,cto
http://auburn.craigslist.org/grd/4346422066.html,Alpaca heard for Sale,32.576800,-85.312000,grd
http://auburn.craigslist.org/bab/4346419638.html,Changing Table,32.547500,-85.468200,bab
http://auburn.craigslist.org/cto/4346402475.html,clean 2003 Chevy s10,0,0,cto
http://auburn.craigslist.org/bar/4337460639.html,Honda Forman 450 trade,0,0,bar
http://auburn.craigslist.org/cto/4346371184.html,2010 Wrangler,0,0,cto
http://auburn.craigslist.org/cto/4346258516.html,toyota87,32.516100,-84.978500,cto
http://auburn.craigslist.org/for/4346376436.html,Large utility trailer/ramp,0,0,for
http://auburn.craigslist.org/wan/4346346266.html,Underpinning for Trailer,0,0,wan
http://auburn.craigslist.org/cto/4346344696.html,Trade 01 vw cabrio for fourwheeler 400+,0,0,cto
http://auburn.craigslist.org/grd/4346361086.html,Thai game fowl,0,0,grd
http://auburn.craigslist.org/wan/4309548078.html,Indian Arrowheads Wanted by Collector,0,0,wan
http://auburn.craigslist.org/fod/4303917241.html,Acacia Engineered Hand Scraped Natural,0,0,fod
http://auburn.craigslist.org/app/4346306703.html,Frigidaire 7 CU FT Chest Freezer,0,0,app
http://auburn.craigslist.org/pts/4346309615.html,4 BFG A/Ts 31x10.5x15,0,0,pts
http://auburn.craigslist.org/bks/4336306610.html,Great read for that holiday kindle gift on a lazy weekend,32.547500,-85.468200,bks
http://auburn.craigslist.org/wan/4346297673.html,Winter park co student or adult (male) ski passes wanted   need two,32.547500,-85.468200,wan
http://auburn.craigslist.org/ele/4313640304.html,Fast router  Linksys EA6500 Smart Wifi,0,0,ele
http://auburn.craigslist.org/pts/4346289125.html,Racing Pedals,32.587899,-85.482044,pts
http://auburn.craigslist.org/pts/4346279547.html,camper shell ,32.478100,-85.124000,pts
http://auburn.craigslist.org/bar/4346223221.html,Jeep Soft Top and Other Items,32.822400,-85.770400,bar
http://auburn.craigslist.org/for/4346253630.html,Folding Dog Crate Port-A-Crate,32.593980,-85.473772,for
http://auburn.craigslist.org/pts/4326483549.html,"24"" Rims with tires 255/30/24",0,0,pts
http://auburn.craigslist.org/fuo/4346238944.html,Ikea office chairs,32.593980,-85.473772,fuo
http://auburn.craigslist.org/app/4346226004.html,Delonghi BG24 Indoor Grill  Electric  Black/Glass,32.593980,-85.473772,app
http://auburn.craigslist.org/grd/4346225747.html,G,0,0,grd
http://auburn.craigslist.org/spo/4345229628.html,Junior golf set  golf bag  fishing rod,32.592000,-85.518900,spo
http://auburn.craigslist.org/wan/4345256503.html,utility trailer wheel,0,0,wan
http://auburn.craigslist.org/sys/4345169967.html,HP Color LJ 2600n,33.043152,-84.981952,sys
http://auburn.craigslist.org/fuo/4345217474.html,Cloth Drying rack ,0,0,fuo
http://auburn.craigslist.org/pts/4345223200.html,"37"" LED Lightbar 28339 Lumens",32.576800,-85.312000,pts
http://auburn.craigslist.org/clo/4345139778.html,Air Jordan Retro 11 Cool Grey size 8.5 Deadstock,32.592000,-85.518900,clo
http://auburn.craigslist.org/cto/4303224158.html,94 Mustang V8 Cobra/Boss,0,0,cto
http://auburn.craigslist.org/cto/4336551987.html,92 Toyota ,0,0,cto
http://auburn.craigslist.org/clo/4345083692.html,Air Jordan Retro 11 Space Jam size 8.5 Deadstock,32.592000,-85.518900,clo
http://auburn.craigslist.org/cto/4344941851.html,2001 Toyota Tundra 4x4,33.172761,-84.914875,cto
http://auburn.craigslist.org/pts/4308575785.html,Rebuilt carburetors,0,0,pts
http://auburn.craigslist.org/clo/4345015420.html,Erotic Love Lingerie,33.435400,-86.113400,clo
http://auburn.craigslist.org/hab/4344939300.html,Are you ready for swimsuit season?? You can be with Plexus!!,0,0,hab
http://auburn.craigslist.org/cto/4344939034.html,2001 Toyota Tundra 4x4,33.172761,-84.914875,cto
http://auburn.craigslist.org/ele/4345040442.html,"JVC AV-32120 32"" crt TV",33.024900,-84.957700,ele
http://auburn.craigslist.org/sys/4345023713.html,Absolutely SUPER CLEAN Compaq Presario,0,0,sys
http://auburn.craigslist.org/vgm/4344957880.html,Disney Infinity Starter Pack-Wii,32.621100,-85.392900,vgm
http://auburn.craigslist.org/fuo/4337801673.html,Queen extra long mattress and box spring,0,0,fuo
http://auburn.craigslist.org/vgm/4307686299.html,Disney Infinity,32.621100,-85.392900,vgm
http://auburn.craigslist.org/msg/4344961401.html,Beginner Ludwig snare drum & bell kit,33.042972,-84.981887,msg
http://auburn.craigslist.org/boa/4344894962.html,Rivera 28' Pontoon Boat with trailer,32.822400,-85.770400,boa
http://auburn.craigslist.org/grd/4311003355.html,farm animals wanted,33.042400,-85.324300,grd
http://auburn.craigslist.org/boa/4344896069.html,Twin jetski trailer will trade for single trailer and $100,32.822400,-85.770400,boa
http://auburn.craigslist.org/for/4334503164.html,John Deere,0,0,for
http://auburn.craigslist.org/atq/4344906947.html,VINTAGE METAL BED- Shabby Chic!! ,0,0,atq
http://auburn.craigslist.org/for/4344889634.html,55 gallon aquarium fish tank for sale! ,0,0,for
http://auburn.craigslist.org/spo/4344864472.html,Costa Del Mar sunglasses,32.547500,-85.468200,spo
http://auburn.craigslist.org/for/4344875323.html,Costa Del Mar sunglasses,32.547500,-85.468200,for
http://auburn.craigslist.org/mcy/4344882962.html,2004 Honda Scooter 49cc,0,0,mcy
http://auburn.craigslist.org/clo/4344863269.html,Costa Del Mar sunglasses,32.547500,-85.468200,clo
http://auburn.craigslist.org/cto/4317089190.html,Tree service equipment for sale  wood chipper  chipper truck,0,0,cto
http://auburn.craigslist.org/mat/4328092243.html,antique doors and more,0,0,mat
http://auburn.craigslist.org/fud/4343975689.html,New wood cabinet stock arrived this weekend,0,0,fud
http://auburn.craigslist.org/mcy/4343949803.html,2000 Heritage Softail Classic FULLY LOADED!!,33.216900,-85.405700,mcy
http://auburn.craigslist.org/ele/4343883511.html,Macbook Pro 15.4-inch: (MA609LL) $325.00,0,0,ele
http://auburn.craigslist.org/app/4343970572.html,LG Gas Dryer,0,0,app
http://auburn.craigslist.org/app/4343955389.html,Kenmore 25 cu ft. side by side Refrigerator and Freezer,0,0,app
http://auburn.craigslist.org/sys/4343884394.html,15.4-inch: (MA609LL) $325.00,32.540301,-85.437756,sys
http://auburn.craigslist.org/snd/4299963563.html,Brand New 4wheelers  Dirt Bikes & Scooters,0,0,snd
http://auburn.craigslist.org/ele/4343943263.html,LIKE NEW 16gb PLAYSTATION 3 W/ONE CONTROLLER,32.621100,-85.392900,ele
http://auburn.craigslist.org/clo/4315257161.html,Women's UGG boots size 8-like new,32.576800,-85.312000,clo
http://auburn.craigslist.org/clo/4315234364.html,Men's dress shirts sz X-large,0,0,clo
http://auburn.craigslist.org/clo/4304283460.html,Mens Saddlebred Suede Leather Coat,0,0,clo
http://auburn.craigslist.org/msd/4343929111.html,BEAUTIFUL STEINWAY CONSOLE & MATCHING BENCH,33.364227,-86.863747,msd
http://auburn.craigslist.org/msd/4343912869.html,Ritmiiller Studio Piano / Dark Cherry finish,33.354620,-86.877823,msd
http://auburn.craigslist.org/bab/4328630135.html,New Nursery Plaque ,0,0,bab
http://auburn.craigslist.org/cto/4335839564.html,Car for Sale!!!!,32.592000,-85.518900,cto
http://auburn.craigslist.org/pts/4333120366.html,6.0 powerstroke repairs and performance f250 f350,0,0,pts
http://auburn.craigslist.org/cto/4340210435.html,2004 Chevy Tahoe. New motor,0,0,cto
http://auburn.craigslist.org/hsh/4301131224.html,Mattress set - (like brand new  rarely used),32.547500,-85.468200,hsh
http://auburn.craigslist.org/tix/4343833317.html,NASCAR Save Mart 350 3 day pass for 2,38.982900,-121.094400,tix
http://auburn.craigslist.org/tix/4343832197.html,NASCAR SaveMart 350 3 day pass for 2,38.284900,-122.469600,tix
http://auburn.craigslist.org/for/4343831502.html,Dcorative Wool area rug,0,0,for
http://auburn.craigslist.org/boa/4343780761.html,14ft center console,0,0,boa
http://auburn.craigslist.org/clo/4343808943.html,large bag of girls size 3-4T clothes,0,0,clo
http://auburn.craigslist.org/wan/4343785497.html,land wanted any size,32.547500,-85.468200,wan
http://auburn.craigslist.org/tag/4343821034.html,plastic kitchen set & princess ,0,0,tag
http://auburn.craigslist.org/cto/4343679964.html,no title-parts-no title,0,0,cto
http://auburn.craigslist.org/pts/4343800441.html,"35"" Mickey Thompson Mud Terrain Tires 315/70/17",32.516100,-84.978500,pts
http://auburn.craigslist.org/cto/4340465475.html,56 Plymouth savoy,32.592700,-86.215300,cto
http://auburn.craigslist.org/for/4343784369.html,Antique Pier Mirror,0,0,for
http://auburn.craigslist.org/cto/4343781759.html,2003 z71 Tahoe,0,0,cto
http://auburn.craigslist.org/hsh/4343776274.html,Antique Caucasi,32.547500,-85.468200,hsh
http://auburn.craigslist.org/had/4343171453.html,The Most Important Health & Wellness Product Period,0,0,had
http://auburn.craigslist.org/spo/4343139952.html,Weider Max 450 Home Gym System,0,0,spo
http://auburn.craigslist.org/bfs/4343165380.html,Exam tables,32.811300,-85.174900,bfs
http://auburn.craigslist.org/bfs/4338328498.html,Office autoclave,32.811300,-85.174900,bfs
http://auburn.craigslist.org/fuo/4321641904.html,Beautiful german leather sofas,32.833700,-85.119700,fuo
http://auburn.craigslist.org/cto/4308717844.html,03 CHEVY VENTURE,0,0,cto
http://auburn.craigslist.org/cto/4343158846.html,1993 Mercury Cougar,32.547500,-85.468200,cto
http://auburn.craigslist.org/cto/4323289258.html,94 ford f150 ,33.024300,-85.073900,cto
http://auburn.craigslist.org/pts/4322808191.html,26x10 rims and tires,33.024300,-85.073900,pts
http://auburn.craigslist.org/mcy/4343153482.html,1996 Suzuki Intruder 800,32.547500,-85.468200,mcy
http://auburn.craigslist.org/mob/4343135727.html,VERIZON WIRELESS IPHONE 5C W/ LIFEPROOF CASE,0,0,mob
http://auburn.craigslist.org/mcy/4333328106.html,1982 Honda CM 250 ,32.832866,-85.759964,mcy
http://auburn.craigslist.org/msd/4343072530.html,/★/  Stunning Ebony Yamaha Baby Grand Disklavier Piano \★\,0,0,msd
http://auburn.craigslist.org/wad/4343056193.html,Want Mr2 or Celica Shell,32.592000,-85.518900,wad
http://auburn.craigslist.org/bid/4343036946.html,___ BLOW OUT BICYCLE SALE!____,0,0,bid
http://auburn.craigslist.org/app/4331453204.html,BUYING ANY NON WORKING HOUSEHOLD APPLIANCES,0,0,app
http://auburn.craigslist.org/app/4343045081.html,$600 obo Whirlpool Refrigerator,0,0,app
http://auburn.craigslist.org/wan/4329882668.html,tires wAnted,32.543700,-85.687100,wan
http://auburn.craigslist.org/vgm/4343041304.html,Borderlands 2  Battlefield 3 (Xbox 360),32.592000,-85.518900,vgm
http://auburn.craigslist.org/for/4343036154.html,Tan yeti roadie cooler,32.592000,-85.518900,for
http://auburn.craigslist.org/mob/4343023252.html,iPhone 4 with flappy bird,0,0,mob
http://auburn.craigslist.org/app/4329920577.html,Apliance for sale CHEAP ,0,0,app
http://auburn.craigslist.org/ele/4343007187.html,PAIR of JL AUDIO W3v3 12s!!,0,0,ele
http://auburn.craigslist.org/cto/4329930752.html,Chevy snow plow truck ,0,0,cto
http://auburn.craigslist.org/for/4343016920.html,Turkey lease macon county alabama,0,0,for
http://auburn.craigslist.org/cto/4301926115.html,2005  GMC Yukon SLT,0,0,cto
http://auburn.craigslist.org/app/4342984719.html,Mini Fridge,0,0,app
http://auburn.craigslist.org/cto/4321230248.html,2004 Chevrolet Z71,0,0,cto
http://auburn.craigslist.org/fuo/4342948549.html,Toy Box,32.547500,-85.468200,fuo
http://auburn.craigslist.org/mcy/4342963625.html,cbr 1100,32.592000,-85.518900,mcy
http://auburn.craigslist.org/grd/4342947371.html,looking for riding mower,0,0,grd
http://auburn.craigslist.org/tag/4342949526.html,Doll House,32.547500,-85.468200,tag
http://auburn.craigslist.org/clo/4302749721.html,Women's Easy Spirit Shoes  NIB  size 7,0,0,clo
http://auburn.craigslist.org/grd/4342241249.html,Antique turtle shell,0,0,grd
http://auburn.craigslist.org/ele/4342157707.html,$450 LED Flat Screen LG TV,32.547500,-85.468200,ele
http://auburn.craigslist.org/pts/4342216879.html,firebird formula 1990 parts only,0,0,pts
http://auburn.craigslist.org/cto/4342224975.html,2007 TOYOTA FJ CRUISER 4WD,32.533029,-85.439107,cto
http://auburn.craigslist.org/cto/4342197088.html,97 F:250 ,32.592000,-85.518900,cto
http://auburn.craigslist.org/cto/4342174374.html,1999 Ford Explorer,0,0,cto
http://auburn.craigslist.org/hvd/4319878248.html,$3120 Sale Big Tex Steel Deck Car Hauler  Chrome Wheels 7'x18',0,0,hvd
http://auburn.craigslist.org/ele/4342144490.html,Beats Pill-White and Yellow,0,0,ele
http://auburn.craigslist.org/sys/4342148959.html,"23"" Flat Screen Computer monitor",0,0,sys
http://auburn.craigslist.org/fuo/4342111052.html,Table and chairs for sale,32.811300,-85.174900,fuo
http://auburn.craigslist.org/clo/4342090584.html,wedges  heels  flats  tennis shoes,0,0,clo
http://auburn.craigslist.org/mob/4342100744.html,iphone 4 16GB With mophie charging case,0,0,mob
http://auburn.craigslist.org/boa/4341970962.html,1648 fisher marine 28hp Johnson,0,0,boa
http://auburn.craigslist.org/pts/4298823938.html,GM PCM custom tuning,0,0,pts
http://auburn.craigslist.org/for/4300622038.html,Inversion Table for Sale,0,0,for
http://auburn.craigslist.org/grd/4300626516.html,Boa Horse Boots For Sale,0,0,grd
http://auburn.craigslist.org/mob/4342007853.html,GALAXY MEGA SPRINT,32.916400,-85.936800,mob
http://auburn.craigslist.org/fod/4330380527.html,Brand New Spa X-6 Hot Tub ,0,0,fod
http://auburn.craigslist.org/pts/4341994023.html,03 mustang headlights and taillights,0,0,pts
http://auburn.craigslist.org/cto/4341987288.html,69 suburban ,32.621100,-85.392900,cto
http://auburn.craigslist.org/cto/4341985299.html,79 f100,32.621100,-85.392900,cto
http://auburn.craigslist.org/mad/4330599273.html,"2 1/4""- 3 1/4""- 5"" Solid Unfinished Exotic Hardwood Flooring $2.69/sf ",32.547500,-85.468200,mad
http://auburn.craigslist.org/hsd/4330591696.html,"3 1/4"" Natural & Gunstock Hickory Premium Grade Hardwood Flooring !",32.547500,-85.468200,hsd
http://auburn.craigslist.org/wan/4341871790.html,I will take in any unwanted horses,34.192100,-86.194100,wan
http://auburn.craigslist.org/hvd/4308820655.html,Sale Big Tex Trailer 5'x10',0,0,hvd
http://auburn.craigslist.org/bab/4341884062.html,Athena Allie 3-in-1 Convertible Crib in White - NEW  ,32.497800,-85.023400,bab
http://auburn.craigslist.org/grq/4321000504.html,Sale Big Tex Gooseneck Dump Trailer,0,0,grq
http://auburn.craigslist.org/snd/4300933918.html,*BRAND NEW* 150CC ,31.278741,-86.267921,snd
http://auburn.craigslist.org/pts/4341785054.html,Like new toyota rims and tires!,0,0,pts
http://auburn.craigslist.org/tls/4328456833.html,Tool Box  Bench Grinder  Angle Grinder and Impact Wrench for sale!!!!,0,0,tls
http://auburn.craigslist.org/had/4341746196.html,make up,0,0,had
http://auburn.craigslist.org/ele/4341770917.html,Beats by dre - Wireless Pills Solos,0,0,ele
http://auburn.craigslist.org/bod/4299800187.html,2010 TRITON 18FT EXPLORER,0,0,bod
http://auburn.craigslist.org/hvd/4299263967.html,2001 JOHN DEERE 410G,0,0,hvd
http://auburn.craigslist.org/wan/4341090207.html,Wanted: Multicade Arcade Stand Up Video Gamd,0,0,wan
http://auburn.craigslist.org/jwl/4341149635.html,Pi Kappa Phi fraternity pin,0,0,jwl
http://auburn.craigslist.org/ele/4341026405.html,"""Only $40 Down or No Credit Needed"" New ViewSonic VA2446M-LED 24-Inch",32.592000,-85.518900,ele
http://auburn.craigslist.org/fuo/4341123436.html,Green Sectional Couch**pickup today,32.547500,-85.468200,fuo
http://auburn.craigslist.org/cto/4340949758.html,2013 Mercedes Benz GLK350 ** Priced To Sell **,33.284500,-87.102400,cto
http://auburn.craigslist.org/pts/4341051562.html,Trade Stock Chevy Rims For Bullet Holes,32.547500,-85.468200,pts
http://auburn.craigslist.org/bar/4334271740.html,Samsung Note 2 with FLAPPY BIRDS trade,0,0,bar
http://auburn.craigslist.org/pts/4341044058.html,HID HEADLIGHTS FOR SALE,32.522600,-85.431500,pts
http://auburn.craigslist.org/cto/4341035263.html,2004 volvo suv xc90  5 cyl 16 turbo awd,0,0,cto
http://auburn.craigslist.org/grd/4341021183.html,Push mower used only used 5 times,0,0,grd
http://auburn.craigslist.org/mcy/4341002695.html,2007 Suzuki Boulevard,32.822400,-85.770400,mcy
http://auburn.craigslist.org/cto/4340972849.html,2000 ford,0,0,cto
http://auburn.craigslist.org/boa/4340941966.html,96 fisher freedom fish 240 pontoon ,0,0,boa
http://auburn.craigslist.org/hsh/4340899275.html,House for sale,0,0,hsh
http://auburn.craigslist.org/ele/4310542086.html,Polk RTi4 Book Shelf Speakers Excellent!,0,0,ele
http://auburn.craigslist.org/grd/4340909034.html,ELECTRIC HEDGE TRIMMER,0,0,grd
http://auburn.craigslist.org/hsh/4326620876.html,Antique Wine Holder & Portable Ice Bucket,32.547500,-85.468200,hsh
http://auburn.craigslist.org/atq/4340891465.html,Chinese Desk,32.621100,-85.392900,atq
http://auburn.craigslist.org/sno/4340891279.html,2011 EZ GO RXV,32.547500,-85.468200,sno
http://auburn.craigslist.org/hvd/4301239959.html,$1075.00 Top Quality Utility Hauler On Sale,0,0,hvd
http://auburn.craigslist.org/pts/4340855979.html,22 in rims 5 lug 5x114 universal,32.782700,-85.647400,pts
http://auburn.craigslist.org/bab/4340851788.html,Medela Pump in Style Breast Pump,0,0,bab
http://auburn.craigslist.org/cto/4340820581.html,2007 Toyota Tacoma (base model reg cab) white,0,0,cto
http://auburn.craigslist.org/for/4340846071.html,window heat and air unitPRICE REDUCED,0,0,for
http://auburn.craigslist.org/grq/4340709179.html,Service Center for Trailer at Big Tex,0,0,grq
http://auburn.craigslist.org/fuo/4340819814.html,Like new couch,32.576800,-85.312000,fuo
http://auburn.craigslist.org/for/4340819738.html,Home For Sale By Owner,0,0,for
http://auburn.craigslist.org/grd/4340798134.html,Goats- billy kids,0,0,grd
http://auburn.craigslist.org/pts/4331732906.html,22 in rims 5 lug 5x114 universal,32.782700,-85.647400,pts
http://auburn.craigslist.org/bab/4332025690.html,Graco Pack N Play,0,0,bab
http://auburn.craigslist.org/wan/4325596293.html,used all terrain tires,32.916400,-85.936800,wan
http://auburn.craigslist.org/for/4303269705.html,nice patio home,32.929865,-85.950847,for
http://auburn.craigslist.org/wan/4325591429.html,"used 16"" all terrain tires",32.916400,-85.936800,wan
http://auburn.craigslist.org/jwl/4300804463.html,Antique 1/4 ct marquis white 14K gold bridal set,0,0,jwl
http://auburn.craigslist.org/fuo/4340043013.html,BLUE SECTIONAL AND TABLE AND 4 CHAIRS ,0,0,fuo
http://auburn.craigslist.org/msd/4340050689.html,★ Pristine Condition Yamaha G3 Grand Piano with CD Player,33.865600,-84.072500,msd
http://auburn.craigslist.org/ptd/4340026888.html,Emergency LED light bar  ProStrobe Hercules  brand new,0,0,ptd
http://auburn.craigslist.org/cto/4340039029.html,LIFTED FORD F-150 4x4,32.547500,-85.468200,cto
http://auburn.craigslist.org/cto/4340045439.html,1990 eagle talon,32.431600,-85.686100,cto
http://auburn.craigslist.org/cto/4340017518.html,Body only no motor ,32.621200,-85.184000,cto
http://auburn.craigslist.org/for/4340009825.html,BowFlex,32.811300,-85.174900,for
http://auburn.craigslist.org/fuo/4326445510.html,Mattress set (Queen size) - bought brand new (good for the price),32.547500,-85.468200,fuo
http://auburn.craigslist.org/hab/4339879739.html,Weight Loss,46.152248,-123.652335,hab
http://auburn.craigslist.org/hab/4339967737.html,ESB Radiance Tanning Bed,0,0,hab
http://auburn.craigslist.org/pts/4339950203.html,2003-2007 H2 Hummer Hood,0,0,pts
http://auburn.craigslist.org/tls/4339947957.html,Used tile saw & brake,32.869104,-85.205156,tls
http://auburn.craigslist.org/boa/4339943211.html,Kayak for sale,0,0,boa
http://auburn.craigslist.org/hvo/4332678008.html,Caterpillar Filters ,0,0,hvo
http://auburn.craigslist.org/pts/4331333180.html,2003 Toyota Avalon low miles,0,0,pts
http://auburn.craigslist.org/fuo/4339917875.html,Wood Coffee Table For Sale,0,0,fuo
http://auburn.craigslist.org/tls/4339912808.html,Ryobi electric drill ,32.592000,-85.518900,tls
http://auburn.craigslist.org/fuo/4298478563.html,Living room Chair / Sofa chair with arms,32.547500,-85.468200,fuo
http://auburn.craigslist.org/grd/4339895758.html,Airens zoom,32.082900,-88.206400,grd
http://auburn.craigslist.org/for/4339893801.html,Zero turn,32.576800,-85.312000,for
http://auburn.craigslist.org/bar/4339877695.html,1999 Ultra Ground Pounder,32.811300,-85.174900,bar
http://auburn.craigslist.org/for/4339864065.html,2Br 2Bath Mobile Home For Sale,32.543411,-85.536602,for
http://auburn.craigslist.org/wan/4333964230.html,WANTED!!! Dirtbike,0,0,wan
http://auburn.craigslist.org/wan/4339837187.html,Vintage and newer toys gi joe transformers and more ,0,0,wan
http://auburn.craigslist.org/fuo/4335124955.html,Queen Sleeper Sofa,0,0,fuo
http://auburn.craigslist.org/bar/4339798577.html,Ariat Hotshot,32.602400,-85.487300,bar
http://auburn.craigslist.org/grd/4339781817.html,"Used 42"" Craftsman mower deck",0,0,grd
http://auburn.craigslist.org/vgm/4339675844.html,Used only once xbox elite with need for speed,0,0,vgm
