http://auburn.craigslist.org/hab/4339291875.html,Stott Pilates Advanced Matwork DVD,32.592000,-85.518900,hab
http://auburn.craigslist.org/pts/4356134908.html,F250 rims and tires,0,0,pts
http://auburn.craigslist.org/fod/4356113508.html,Wood/coal heating outdoor boilers,0,0,fod
http://auburn.craigslist.org/sno/4356119026.html,HONDA FOREMAN 500 SPECIALTY PRICED,31.759500,-86.010700,sno
http://auburn.craigslist.org/pts/4356121326.html,2005 Ford Mustang Stock rims,0,0,pts
http://auburn.craigslist.org/bfd/4356084325.html,High Profit Potential Business For Sale,32.578200,-85.349000,bfd
http://auburn.craigslist.org/cto/4356117658.html,2007 f250,0,0,cto
http://auburn.craigslist.org/grd/4339920801.html,Triple Crown thornless blackberry plants,0,0,grd
http://auburn.craigslist.org/bod/4333172278.html,2012 Harris 220 Sunliner Pontoon ,0,0,bod
http://auburn.craigslist.org/bod/4317053806.html,Regal 2100 Bowrider,32.822400,-85.770400,bod
http://auburn.craigslist.org/bod/4317041245.html,2014 Harris FloteBote Pontoon,0,0,bod
http://auburn.craigslist.org/cto/4340487401.html,2004 Chevy Tahoe 130k miles Trade for jeep or truck,0,0,cto
http://auburn.craigslist.org/bod/4317007296.html,2014 Cobalt 220,32.822400,-85.770400,bod
http://auburn.craigslist.org/grd/4351217519.html,pine tree seedlings,31.898015,-85.599369,grd
http://auburn.craigslist.org/cto/4356109028.html,ford explore and Ranger,0,0,cto
http://auburn.craigslist.org/boa/4356100145.html,2000 Kawasaki Ultra 150,0,0,boa
http://auburn.craigslist.org/grd/4346327801.html,RED & BLACK Bantam ROOSTER COCKEREL,32.072600,-86.060600,grd
http://auburn.craigslist.org/sys/4356106723.html,"Great Condition Toshiba 15"" Laptop $350",32.592000,-85.518900,sys
http://auburn.craigslist.org/cto/4356092786.html,1991 Nissan 300ZX Twin Turbo,32.562200,-86.099400,cto
http://auburn.craigslist.org/vgm/4352817135.html,ps3,32.547500,-85.468200,vgm
http://auburn.craigslist.org/cto/4351611699.html,4×4 Ford Explorer,0,0,cto
http://auburn.craigslist.org/bik/4356094539.html,Mountain bike,0,0,bik
http://auburn.craigslist.org/boa/4356098068.html,glasstream boat,32.811300,-85.174900,boa
http://auburn.craigslist.org/fod/4355985533.html,cargo trailer,0,0,fod
http://auburn.craigslist.org/pts/4356082025.html,'' BRUSH GUARD FOR  DODGE '',0,0,pts
http://auburn.craigslist.org/fuo/4356084238.html,Black Glass 34+ inch TV Stand,0,0,fuo
http://auburn.craigslist.org/pts/4348005554.html,Jeep tires  wheels and spacers,0,0,pts
http://auburn.craigslist.org/pts/4348034349.html,Jeep front bumper with lights,0,0,pts
http://auburn.craigslist.org/pts/4355955559.html,2003 MERCEDES C240 LOADED AND VERY CLEAN NICE CAR AT A BARGAIN ,0,0,pts
http://auburn.craigslist.org/fuo/4315481917.html,Excellent love seat,32.547500,-85.468200,fuo
http://auburn.craigslist.org/for/4356067789.html,E-Z-GO,32.547500,-85.468200,for
http://auburn.craigslist.org/bab/4355940697.html,diaper bags +++++ more personalized,32.621100,-85.392900,bab
http://auburn.craigslist.org/bar/4350737216.html,Costa del Mar sunglasses,0,0,bar
http://auburn.craigslist.org/ele/4355566997.html,trio 9in tablet ,0,0,ele
http://auburn.craigslist.org/grd/4355733275.html,Bandsawn poplar and oak,0,0,grd
http://auburn.craigslist.org/clt/4355731544.html,6 Collector Knife Sets,0,0,clt
http://auburn.craigslist.org/cto/4355720040.html,1999 Chevy Tahoe,32.551000,-85.897800,cto
http://auburn.craigslist.org/fuo/4341222914.html,Antique vanity,0,0,fuo
http://auburn.craigslist.org/cto/4355706321.html,Mazda 626 2002 - LX sedan - $3500,32.547500,-85.468200,cto
http://auburn.craigslist.org/mob/4355705655.html,Like new Samsung Omnia for Verizon or flash 2 Pageplus..WiFi & more,32.861600,-85.216100,mob
http://auburn.craigslist.org/cto/4355699095.html,Honda Accord EX 2005,32.551000,-85.897800,cto
http://auburn.craigslist.org/mpo/4355686623.html,Hitch style motorcycle carrier and stand,32.861600,-85.216100,mpo
http://auburn.craigslist.org/sys/4355676663.html,Computer Monitor,0,0,sys
http://auburn.craigslist.org/pts/4346826706.html,Tires and Wheels Wanted!!!!,0,0,pts
http://auburn.craigslist.org/mpo/4330972575.html,1988-2005 Ninja250ex Parts ,32.547500,-85.468200,mpo
http://auburn.craigslist.org/pts/4330945109.html,2007-2010 Chevy 2500 6.6L Parts,32.592000,-85.518900,pts
http://auburn.craigslist.org/pts/4330973988.html,Dodge Ram Grill and Shell 2009 +,32.547500,-85.468200,pts
http://auburn.craigslist.org/cto/4330929740.html,1998 Honda Prelude,0,0,cto
http://auburn.craigslist.org/clo/4355671400.html,2 size 24 prom/pageant dresses $120 each obo,32.576800,-85.312000,clo
http://auburn.craigslist.org/for/4355589497.html,trio 9in tablet ,32.547500,-85.468200,for
http://auburn.craigslist.org/msg/4334822710.html,Alto Saxophone Case $20,0,0,msg
http://auburn.craigslist.org/vgm/4326754837.html,Nvidia Sparkle gtx 460 GPU,32.576800,-85.312000,vgm
http://auburn.craigslist.org/clo/4326786331.html,Mens New Northface Jacket,32.576800,-85.312000,clo
http://auburn.craigslist.org/cto/4355597000.html,Hummer H3 2007 ,31.794500,-85.965500,cto
http://auburn.craigslist.org/mat/4355621052.html,New Cutler Hammer Safety Disconnect Model DG324UGK ,31.506600,-86.366300,mat
http://auburn.craigslist.org/spo/4352691766.html,Auburn collectors Young Talons statue,0,0,spo
http://auburn.craigslist.org/spo/4352693659.html,Auburn collectors   Eagle's Wing statue,0,0,spo
http://auburn.craigslist.org/rvs/4341338211.html,SELL/TRADE 26' Keystone sprinter fifth wheel 1/2 ton towable,0,0,rvs
http://auburn.craigslist.org/for/4355608973.html,Fish tank ,0,0,for
http://auburn.craigslist.org/clo/4355590557.html,Young Ladies or Girls Clothes Size 0 and XS,31.506600,-86.366300,clo
http://auburn.craigslist.org/boa/4344184305.html,2006 Sea-Doo RXP,32.916400,-85.936800,boa
http://auburn.craigslist.org/jwl/4332320653.html,~~~~~~~1.2 CT Emerald-Cut Diamond Ring~~~~~~~,0,0,jwl
http://auburn.craigslist.org/for/4355523058.html,metal foldable shelf 10$,0,0,for
http://auburn.craigslist.org/gms/4355251570.html,Moving/garage sale,32.547500,-85.468200,gms
http://auburn.craigslist.org/mcy/4355234232.html,1998 Honda Goldwing,32.621100,-85.392900,mcy
http://auburn.craigslist.org/mat/4321054604.html,USED METAL TRUSSES AND NEW METAL ROOFING,0,0,mat
http://auburn.craigslist.org/art/4355195824.html,Art ,0,0,art
http://auburn.craigslist.org/boa/4355191064.html,Trade golf course lot for boat,32.764326,-85.796700,boa
http://auburn.craigslist.org/wan/4355189692.html,paint job,32.621100,-85.392900,wan
http://auburn.craigslist.org/bod/4343913704.html,2008 Cobalt 222,0,0,bod
http://auburn.craigslist.org/bod/4347746919.html,1998 Harris Kayot Commodore Pontoon,0,0,bod
http://auburn.craigslist.org/cto/4355173819.html,2002 F-250 7.3 Lariat Powerstroke 4x4 w/118k,0,0,cto
http://auburn.craigslist.org/rvs/4355171547.html,2004 King of the Road 5th Wheel RV,0,0,rvs
http://auburn.craigslist.org/mcy/4355158472.html,Yamaha TTR 50,32.916400,-85.936800,mcy
http://auburn.craigslist.org/pts/4355158288.html,CHEVY COLORADO FOLDING BED COVER,31.905100,-85.165600,pts
http://auburn.craigslist.org/bfd/4340157260.html,Restoring headlights for cash profit,0,0,bfd
http://auburn.craigslist.org/cto/4346369340.html,2007 BUICK LUCERNE CXL  (extra clean),0,0,cto
http://auburn.craigslist.org/cto/4326112565.html,2011 Nissan Versa (extra clean ),0,0,cto
http://auburn.craigslist.org/cto/4355122437.html,2009 chevy 2500 HD,0,0,cto
http://auburn.craigslist.org/cto/4355132943.html,2002 Dodge Ram 1500 Quad Auto,32.464600,-85.020600,cto
http://auburn.craigslist.org/mob/4355125423.html,Looking for Mophie Juice Pack for iphone 5,32.621100,-85.392900,mob
http://auburn.craigslist.org/cto/4355114510.html,1999 Chrysler 300m,0,0,cto
http://auburn.craigslist.org/fuo/4355123775.html,Wooden Bunk Beds with mattresses ,32.547500,-85.468200,fuo
http://auburn.craigslist.org/mob/4355111618.html,iPhone 4S 16GB,32.547500,-85.468200,mob
http://auburn.craigslist.org/grd/4355119456.html,BARBED WIRE 4 POINT 12-1/2 GAUGE,32.782700,-85.647400,grd
http://auburn.craigslist.org/fuo/4355117003.html,Full headboard,0,0,fuo
http://auburn.craigslist.org/clo/4342497292.html,women shoes new,32.547500,-85.468200,clo
http://auburn.craigslist.org/for/4340352057.html,ecco shoes,0,0,for
http://auburn.craigslist.org/cto/4323916042.html,2006 Scion Tc Special Edition Panoramic Sunroof LOW MILES 57K UPGRADES,32.608091,-85.490323,cto
http://auburn.craigslist.org/for/4355051582.html,GARAGE DOOR OPENER,32.609699,-85.480797,for
http://auburn.craigslist.org/cto/4331403216.html,trade for 4x4,0,0,cto
http://auburn.craigslist.org/grq/4355039049.html,$12750 Brand New 25DU 18' Dexter Axle Dump Trailer,0,0,grq
http://auburn.craigslist.org/grd/4351744945.html,!!! Chicks !!!!!,0,0,grd
http://auburn.craigslist.org/ele/4338802824.html,Tablet Motorola Xoom 32 gb wifi,32.811300,-85.174900,ele
http://auburn.craigslist.org/jwl/4338807027.html,watch mens GIOVINE ,32.811300,-85.174900,jwl
http://auburn.craigslist.org/spo/4322213719.html,Diamond Razor Edge Bow,0,0,spo
http://auburn.craigslist.org/pts/4349268046.html,tires Michelin hydro edge 235 60 16,0,0,pts
http://auburn.craigslist.org/cto/4354667950.html,1997 TOYOTA CAMRY LE $2950.00 OBO,0,0,cto
http://auburn.craigslist.org/pts/4354715406.html,16 inch rims,0,0,pts
http://auburn.craigslist.org/fuo/4325911369.html,Great BAR for your frat house or college home!,32.562200,-86.099400,fuo
http://auburn.craigslist.org/pts/4354701576.html,1998-BUICK,32.607788,-85.488724,pts
http://auburn.craigslist.org/fuo/4354639985.html,SOFA  LOVE-SEAT  & RECLINER/ROCKER  ESTATE SALE!,0,0,fuo
http://auburn.craigslist.org/mcy/4350636434.html,2007 Honda Shadow 600 - ALMOST PERFECT!!,0,0,mcy
http://auburn.craigslist.org/for/4354669689.html,pull out sofa,0,0,for
http://auburn.craigslist.org/fuo/4354665857.html,pull out sofa,0,0,fuo
http://auburn.craigslist.org/cto/4332897848.html,BMW 335i,0,0,cto
http://auburn.craigslist.org/hsh/4333714291.html,Floor lamp,0,0,hsh
http://auburn.craigslist.org/grd/4333728596.html,Gazebo,0,0,grd
http://auburn.craigslist.org/sno/4344384519.html,Club Car Precedent Golf Cart,0,0,sno
http://auburn.craigslist.org/for/4354645931.html,pet carrier ,0,0,for
http://auburn.craigslist.org/sno/4354593096.html,1993 Jeep Wrangler ,0,0,sno
http://auburn.craigslist.org/sno/4354665200.html,Front & back basket for 4wheeler,32.925200,-85.442600,sno
http://auburn.craigslist.org/boa/4350266841.html,2005 SeaDoo RXP,32.866287,-85.864635,boa
http://auburn.craigslist.org/bfd/4334283900.html,**Brand new Discount Restaurant Seating Up to 85% off!**,0,0,bfd
http://auburn.craigslist.org/fud/4334284522.html,Discount Bar Stools and Chairs Save $$$! ,0,0,fud
http://auburn.craigslist.org/ele/4354634544.html,Roku LT,0,0,ele
http://auburn.craigslist.org/fud/4354572853.html,PREMIUM HANDCRAFTED BUNK BEDS  --  from,0,0,fud
http://auburn.craigslist.org/cto/4343953948.html,94 Nissan Pickup 4x4,32.576800,-85.312000,cto
http://auburn.craigslist.org/pts/4328882464.html,Grand national 87k miles,33.074600,-86.078100,pts
http://auburn.craigslist.org/cto/4354614377.html,2000 Grand Marquis LS 82k,0,0,cto
http://auburn.craigslist.org/cto/4343225599.html,93 gmc jimmy sale r trade,33.074600,-86.078100,cto
http://auburn.craigslist.org/cto/4349681521.html,1998 Chevrolet s10 for sell/trade,0,0,cto
http://auburn.craigslist.org/ppd/4351290152.html,Currently looking for established applliance dealer,30.412900,-87.309200,ppd
http://auburn.craigslist.org/cto/4341176935.html,2009 MINI Cooper S clubman,0,0,cto
http://auburn.craigslist.org/cto/4339727550.html,2001 Chevy S10 LS 4wd,0,0,cto
http://auburn.craigslist.org/cto/4343218168.html,Trade r sale 85 buick regal project ,33.074600,-86.078100,cto
http://auburn.craigslist.org/tls/4320210686.html,Snap-On Toolbox,32.592000,-85.518900,tls
http://auburn.craigslist.org/ele/4354597377.html,Alpine 600 watt Amp,33.024900,-84.957700,ele
http://auburn.craigslist.org/jwl/4330876151.html,------- 3-Stone 1/2 Carat Diamond Ring -------,0,0,jwl
http://auburn.craigslist.org/cto/4334424921.html,Mazda RX8 Limited Shinka Greddy Turbo/Exhuast 60k miles,0,0,cto
http://auburn.craigslist.org/bar/4354217374.html,Bass  Amp  Computer  Printer,32.592000,-85.518900,bar
http://auburn.craigslist.org/vgm/4354043872.html,Nintendo WII  PS2 bundle package FOR SALE OR TRADE,32.614160,-85.479583,vgm
http://auburn.craigslist.org/mcy/4349159531.html,2004 Harley Davidson A-ROD 1130 cc ,0,0,mcy
http://auburn.craigslist.org/bid/4310354245.html, M3 Spin Bike by Keiser,33.637811,-85.825431,bid
http://auburn.craigslist.org/hab/4354207522.html,Home Gym-Yukon 4 station-300 lbs of weights and rack,0,0,hab
http://auburn.craigslist.org/tad/4350620870.html,Poker and Game Room supply Custom Chip Sets ,0,0,tad
http://auburn.craigslist.org/msg/4341907304.html,Fender GA-45SCE Acoustic-Electric,32.477900,-84.898000,msg
http://auburn.craigslist.org/sno/4354179327.html,iPhone 5 for sale,32.312900,-86.242100,sno
http://auburn.craigslist.org/for/4354065690.html,2012 Fleetwood Mobile Home,32.584952,-85.523651,for
http://auburn.craigslist.org/wan/4354181455.html,2 vehicles plus boot for your 350z!,0,0,wan
http://auburn.craigslist.org/msg/4354188275.html,"Zildjian 20"" standard cymbal bag case GREAT",0,0,msg
http://auburn.craigslist.org/pts/4354174189.html,20x8.5 Rockstars ,32.576800,-85.312000,pts
http://auburn.craigslist.org/mad/4354114350.html,NEW ALUMINUM 5 STEP LADDER,30.394200,-87.589000,mad
http://auburn.craigslist.org/hab/4354184806.html,Phillips Respironics cpap machine,32.592000,-85.518900,hab
http://auburn.craigslist.org/pts/4318598790.html,Volkswagen turbo,32.397033,-86.206929,pts
http://auburn.craigslist.org/cto/4341209951.html,2012 Chevrolet Cruze LT2 - Lowered Price,0,0,cto
http://auburn.craigslist.org/cto/4323451876.html,I BUY BROKE CARS ($200 & UP),0,0,cto
http://auburn.craigslist.org/mob/4354176760.html,Verizon iphone 5 with Flappy Bird ,0,0,mob
http://auburn.craigslist.org/bod/4354075437.html,2006 Cobalt 272,0,0,bod
http://auburn.craigslist.org/app/4342946940.html,Roper Dryer - Free Delivery,32.610604,-85.481701,app
http://auburn.craigslist.org/had/4321441520.html,Big Savings on Dental  Prescription and Vision Expenses!,28.552300,-81.179500,had
http://auburn.craigslist.org/cto/4354164633.html,1985 GMC SWB pick-up truck,32.576800,-85.312000,cto
http://auburn.craigslist.org/cto/4354095632.html,1998 Dodge Dakota Ext Cab V6,0,0,cto
http://auburn.craigslist.org/pts/4354160017.html,285/70/17,32.621100,-85.392900,pts
http://auburn.craigslist.org/bfd/4318631205.html,WALK-INS.COOLERS.&.FREEZERS. DIRECT.786-286-2926 WALK-INS.,0,0,bfd
http://auburn.craigslist.org/mcy/4314642042.html,2007 CRF 450R,32.621100,-85.392900,mcy
http://auburn.craigslist.org/zip/4354135670.html,Free 1yr. old German shepard mix,32.576800,-85.312000,zip
http://auburn.craigslist.org/mcy/4354123216.html,2013 freedome 7x16,32.925200,-85.442600,mcy
http://auburn.craigslist.org/fuo/4343876664.html,None,32.592000,-85.518900,fuo
http://auburn.craigslist.org/fuo/4347033413.html,Wicker loveseat,0,0,fuo
http://auburn.craigslist.org/jwl/4340785386.html,Ceramic Michael Kors Watch ,0,0,jwl
http://auburn.craigslist.org/fuo/4347041260.html,wicker lounger,0,0,fuo
http://auburn.craigslist.org/fuo/4347050069.html,microfiber loveseat,0,0,fuo
http://auburn.craigslist.org/eld/4330560222.html,Credit Card Terminals,0,0,eld
http://auburn.craigslist.org/cto/4353762150.html,03' CHEVY SILVERADO LT Z71 4X4!!!!!!,0,0,cto
http://auburn.craigslist.org/for/4353803173.html,Golf course Lots,32.750521,-85.800755,for
http://auburn.craigslist.org/bfd/4336574945.html,Financing For Your Business,32.606989,-85.468140,bfd
http://auburn.craigslist.org/hvd/4353692251.html,$12750 Dump Hauler Big Tex 25DU Brand New,0,0,hvd
http://auburn.craigslist.org/boa/4353783664.html,boat motor,32.581086,-85.798440,boa
http://auburn.craigslist.org/cto/4353753448.html,1994  honda civic science 5speed,32.576800,-85.312000,cto
http://auburn.craigslist.org/pts/4333466479.html,Beauitful 2006 Dura Max,32.543700,-85.687100,pts
http://auburn.craigslist.org/boa/4341747405.html,Boat and trailer,32.581086,-85.798440,boa
http://auburn.craigslist.org/boa/4325866057.html,ALBACORE ONE DESIGN SAILBOAT W/ TRAILER,32.592000,-85.518900,boa
http://auburn.craigslist.org/boa/4337372619.html,Custom leaning post,32.541459,-86.225853,boa
http://auburn.craigslist.org/gms/4341776815.html,garage sale march 1 and 2,32.581086,-85.798440,gms
http://auburn.craigslist.org/for/4342677424.html,Single Wide Mobile Home,0,0,for
http://auburn.craigslist.org/vgm/4346494840.html,turtle beach Ear Force PX3 Wireless  Headset for ps3 & 360 & pc,32.811300,-85.174900,vgm
http://auburn.craigslist.org/had/4344716686.html,Save on Medical Expenses for the Whole Household!,28.552300,-81.179500,had
http://auburn.craigslist.org/fud/4327870763.html,New Ashley Leather Sofa and Loveseat,32.385398,-86.307607,fud
http://auburn.craigslist.org/ele/4353695833.html,Xbox 360 Black 4gb slim w/ internal Hard Drive and Battlefield 4,32.547500,-85.468200,ele
http://auburn.craigslist.org/bar/4353689142.html,live stock water tank,32.383600,-85.916200,bar
http://auburn.craigslist.org/ptd/4329093735.html,Hoods for Mustangs  F-150  T-bird  Ranger  Capri  Malibu  El Camino  S,39.200300,-84.485900,ptd
http://auburn.craigslist.org/ele/4334026725.html,Car FM transmitter - USB/mp3 Player,32.547500,-85.468200,ele
http://auburn.craigslist.org/fuo/4353695430.html,"92"" Craftmaster Chenille Couch",32.547500,-85.468200,fuo
http://auburn.craigslist.org/cto/4344816738.html,no title-parts-no title,0,0,cto
http://auburn.craigslist.org/mad/4316809970.html,3-TAB SHINGLES WHOLESALE $39.00 per sq - ,0,0,mad
http://auburn.craigslist.org/grd/4318430815.html,CASE 990 TRACTORgreat mechanics special ,0,0,grd
http://auburn.craigslist.org/cto/4314398264.html,1995 cheavy suburban 4 door v8 auto,0,0,cto
http://auburn.craigslist.org/cto/4350228623.html,2003 Toyota Tacoma Crew Cab,32.547500,-85.468200,cto
http://auburn.craigslist.org/bod/4349925999.html,2011 Cobalt 232 LIKE NEW,0,0,bod
http://auburn.craigslist.org/fod/4348806631.html,RACE CAR HAULER!!!!!!8.5X34,0,0,fod
http://auburn.craigslist.org/cto/4353391327.html,Must See!!,0,0,cto
http://auburn.craigslist.org/cto/4353391131.html,2000 VW Passat lowered,0,0,cto
http://auburn.craigslist.org/boa/4353389925.html,1996 Four Winns 200  Color red and white,32.547500,-85.468200,boa
http://auburn.craigslist.org/wan/4325472183.html,1998  Mobile Home  16 X 80,0,0,wan
http://auburn.craigslist.org/cto/4348825414.html,1997 f-350 powerstoke,33.952189,-86.192894,cto
http://auburn.craigslist.org/boa/4348643995.html,2000 SeaDoo Challenger,0,0,boa
http://auburn.craigslist.org/for/4343970059.html,new women's shoes,35.712600,-82.549100,for
http://auburn.craigslist.org/hvo/4353364308.html,2000 f 550 rollback for sale,0,0,hvo
http://auburn.craigslist.org/spo/4343053590.html,Louisville Slugger Pitching Machine,0,0,spo
http://auburn.craigslist.org/sno/4353330579.html,Thor Motocross Quadrant Pro Circuit Helmet - 2012 ,0,0,sno
http://auburn.craigslist.org/for/4341105854.html,Clean Heavy Duty Collapsible Bulk Container for sale (2 sizes),32.576800,-85.312000,for
http://auburn.craigslist.org/for/4341080148.html,Shipping/Packaging Tape for sale (50EA),32.576800,-85.312000,for
http://auburn.craigslist.org/for/4341058947.html,Clean Wood Pallets (2 Types) for sale ,32.576800,-85.312000,for
http://auburn.craigslist.org/pts/4336486640.html,"17"" 5zigen Wheels and Tires",0,0,pts
http://auburn.craigslist.org/cto/4350080778.html,Low Milage! 2003 Mercedes E-320 Benz,32.547500,-85.468200,cto
http://auburn.craigslist.org/rvs/4353333212.html,Kountry Aire fifth wheel,32.916400,-85.936800,rvs
http://auburn.craigslist.org/fuo/4353329958.html,Nice futon frame ,0,0,fuo
http://auburn.craigslist.org/grd/4342081409.html,4 Horse Trailer with Weekend LQ's ,32.576800,-85.312000,grd
http://auburn.craigslist.org/for/4343478619.html,smoker / charcoal grill,0,0,for
http://auburn.craigslist.org/tix/4353313918.html,Alpha Psi Rodeo parking pass,0,0,tix
http://auburn.craigslist.org/bar/4343469872.html,smoker / charcoal grill,0,0,bar
http://auburn.craigslist.org/grd/4350085466.html,smoker / charcoal grill,0,0,grd
http://auburn.craigslist.org/wan/4353191596.html,30 gal of gas 75 cents on $1 obo,0,0,wan
http://auburn.craigslist.org/gms/4353306600.html,moving sale,32.547500,-85.468200,gms
http://auburn.craigslist.org/mpd/4320668780.html,SCOOTERS  SCOOTER  SCOOTERS ONE WEEK SALE $579.99,0,0,mpd
http://auburn.craigslist.org/snd/4320661820.html,ATV SALE STARTS TODAY $649.00,0,0,snd
http://auburn.craigslist.org/cto/4353295937.html,89 MUSTANG GT,32.547500,-85.468200,cto
http://auburn.craigslist.org/cto/4353296695.html,1993 Chevy 2500 Cab & Chassis,0,0,cto
http://auburn.craigslist.org/cto/4353296576.html,2000 Chevy Van,0,0,cto
http://auburn.craigslist.org/fuo/4324615585.html,furniture ,0,0,fuo
http://auburn.craigslist.org/pts/4353291271.html,2008 Ford Van Bench Seats,32.547500,-85.468200,pts
http://auburn.craigslist.org/cto/4352868615.html,2003 Tahoe Z71 4x4,33.178939,-86.742554,cto
http://auburn.craigslist.org/mob/4342385510.html,iPhone 4S mint condition,0,0,mob
http://auburn.craigslist.org/cto/4339644535.html,1986 GMC Sierra C10,0,0,cto
http://auburn.craigslist.org/ele/4342366940.html,"Sony hd Tv 55"" SXRD",0,0,ele
http://auburn.craigslist.org/tag/4327848447.html,Doll Stroller by Lee Middleton,32.811300,-85.174900,tag
http://auburn.craigslist.org/msg/4352974099.html,Yamaha 76 key YPG=235,0,0,msg
http://auburn.craigslist.org/fuo/4352968822.html,Nice dresser!!!!,32.547500,-85.468200,fuo
http://auburn.craigslist.org/mcy/4352964117.html,1997 Suzuki Bandit 600,0,0,mcy
http://auburn.craigslist.org/mad/4331192313.html,"""Surplus Buyers""",0,0,mad
http://auburn.craigslist.org/ctd/4352942157.html,2008 Z71 Tahoe 4x4,32.654299,-85.375357,ctd
http://auburn.craigslist.org/hvo/4352726313.html,7x14 Cargo Trailer,33.467900,-84.480600,hvo
http://auburn.craigslist.org/mob/4323814389.html,Motorola Razr model XT912,0,0,mob
http://auburn.craigslist.org/bfs/4352706690.html,4x6 Cargo Trailer,33.467900,-84.480600,bfs
http://auburn.craigslist.org/bik/4352881669.html,Adult L.L. Bean ridgerunner,32.547500,-85.468200,bik
http://auburn.craigslist.org/for/4352864506.html,Moving Boxes 3cuft 5cuft wardrobe & mattress,0,0,for
http://auburn.craigslist.org/cto/4352871519.html,2004 Ford F650 (flat bed dump),32.621100,-85.392900,cto
http://auburn.craigslist.org/app/4317501611.html,Thermador Double Ovens,0,0,app
http://auburn.craigslist.org/gms/4352867323.html,YARD SALE,32.619340,-85.450136,gms
http://auburn.craigslist.org/fuo/4352841544.html,3 piece tan leather furniture,32.547500,-85.468200,fuo
http://auburn.craigslist.org/mcy/4352839994.html,2006 Honda CBR600F4i,32.592000,-85.518900,mcy
http://auburn.craigslist.org/spo/4352826369.html,Mountainboard Longboard,0,0,spo
http://auburn.craigslist.org/mpo/4352717594.html,Motorcycle Trailer for Sale,33.467900,-84.480600,mpo
http://auburn.craigslist.org/gms/4352816746.html,$5 a Bag Garage Sale,32.604848,-85.450952,gms
http://auburn.craigslist.org/for/4345388634.html,cheap purses and shoes,32.547500,-85.468200,for
http://auburn.craigslist.org/bfs/4322513483.html, Glowing Signs,0,0,bfs
http://auburn.craigslist.org/sno/4352640814.html,Wheel hub for Yamaha moto4,32.592000,-85.518900,sno
http://auburn.craigslist.org/boa/4318246384.html,Boat for sale or trade,0,0,boa
http://auburn.craigslist.org/fod/4329057758.html,7X16 ENCLOSED TRAILER HARLEY,32.415182,-83.298340,fod
http://auburn.craigslist.org/grq/4318237151.html,Big Tex New $7975 Open Trailer,0,0,grq
http://auburn.craigslist.org/for/4352779762.html,Utility Trailer 4x6,0,0,for
http://auburn.craigslist.org/grd/4352713566.html,Dump Trailer - Big Selection,33.467900,-84.480600,grd
http://auburn.craigslist.org/vgm/4352775165.html,3 PS3 games. Assassins Creed Black flag  NBA 2k14  COD GHOST $50,0,0,vgm
http://auburn.craigslist.org/ele/4352369391.html,AIWA 3-Way-Bass Speakers,0,0,ele
http://auburn.craigslist.org/ele/4352364614.html,Neon Under Glow Kits,0,0,ele
http://auburn.craigslist.org/mcy/4347271773.html,2008 Honda XR80R,0,0,mcy
http://auburn.craigslist.org/cto/4352349440.html,1984 Toyota Xtra-cab. Built 22R,0,0,cto
http://auburn.craigslist.org/fuo/4321952382.html,Habitat ReStore Sells Furniture!,32.632054,-85.435438,fuo
http://auburn.craigslist.org/sgd/4352370426.html,Benchmade knives wholesale prices,31.513100,-87.867200,sgd
http://auburn.craigslist.org/mcd/4352312016.html,TMEC Scooter Wholesale,32.063883,-81.046958,mcd
http://auburn.craigslist.org/ele/4352360693.html,Sharp Camcorder,0,0,ele
http://auburn.craigslist.org/fuo/4352345509.html,Red Couch,32.869639,-85.190907,fuo
http://auburn.craigslist.org/ppd/4341828533.html,AIR CONDITIONERS,0,0,ppd
http://auburn.craigslist.org/wan/4352215626.html,500 an up for car working or not,0,0,wan
http://auburn.craigslist.org/cto/4352307035.html,2003 z71 tahoe,0,0,cto
http://auburn.craigslist.org/fod/4340450338.html,29ga Metal Roofing  Siding & Barn Tin **sale**,0,0,fod
http://auburn.craigslist.org/hab/4352288762.html,Health & Wellness Products With Great Discount,0,0,hab
http://auburn.craigslist.org/msg/4352280075.html,a nice Johnson guitar,0,0,msg
http://auburn.craigslist.org/ctd/4352278329.html,07 Charger  05 Altima  03 Expedition  or 03 F150 $1500dn,0,0,ctd
http://auburn.craigslist.org/cto/4352231687.html,BMW 528i,0,0,cto
http://auburn.craigslist.org/pts/4333211975.html,Ladder Rack,0,0,pts
http://auburn.craigslist.org/cto/4329294381.html,1977 Pontiac Grand Prix ,32.571947,-85.411076,cto
http://auburn.craigslist.org/mad/4352177528.html,Surplus Buyers,0,0,mad
http://auburn.craigslist.org/pts/4315392966.html,Sub Woofers,32.783100,-85.275600,pts
http://auburn.craigslist.org/cto/4324428855.html,01 Mazda B3000,0,0,cto
http://auburn.craigslist.org/emd/4318750546.html,The Walking Dead Season 3,32.547500,-85.468200,emd
http://auburn.craigslist.org/emd/4337664801.html,The Twilight Saga: Breaking Dawn - Part 2 [DVD + Digital Copy + UltraV,32.547500,-85.468200,emd
http://auburn.craigslist.org/emd/4318745414.html,The Walking Dead Season 2 ,32.547500,-85.468200,emd
http://auburn.craigslist.org/app/4334675959.html,George Foreman Grill w/ Bun Warmer,32.547500,-85.468200,app
http://auburn.craigslist.org/bfs/4352188627.html,Bunn Commercial Coffee Maker,0,0,bfs
http://auburn.craigslist.org/hvd/4312274404.html,7x14,0,0,hvd
http://auburn.craigslist.org/mob/4352168293.html,iPhone 4 16g black mint condition ,0,0,mob
http://auburn.craigslist.org/emd/4352116474.html,DVDs and some VHS !TAKE A LOOK!,0,0,emd
http://auburn.craigslist.org/tix/4344914509.html,Elton John 15 Mar Birmingham concert tickets,0,0,tix
http://auburn.craigslist.org/cto/4352122500.html,1981 4x4 Scottsdale pickup,0,0,cto
http://auburn.craigslist.org/tag/4330545573.html,Scrabble Board Game Like New,0,0,tag
http://auburn.craigslist.org/pts/4351793330.html,99-03 superduty 6.5in lift,0,0,pts
http://auburn.craigslist.org/bfs/4339405899.html,Atlanta Cargo Trailer for Sale,33.467900,-84.480600,bfs
http://auburn.craigslist.org/for/4351802793.html,Amish hand quilted wall hanging,32.916400,-85.936800,for
http://auburn.craigslist.org/mcy/4345227444.html,2007 Yamaha Road Star,33.216900,-85.405700,mcy
http://auburn.craigslist.org/rvs/4351798934.html,2012 Jayco 1207 Pop Up Camper 12ft,0,0,rvs
http://auburn.craigslist.org/fuo/4333755678.html,Patio bistro set,0,0,fuo
http://auburn.craigslist.org/spo/4351788607.html,Fishing gear,0,0,spo
http://auburn.craigslist.org/fuo/4325525307.html,Table and 6 Chairs,0,0,fuo
http://auburn.craigslist.org/ele/4316794361.html,Tablet 10.1,0,0,ele
http://auburn.craigslist.org/mcy/4351778780.html,2010 Harley Davidson superglide,0,0,mcy
http://auburn.craigslist.org/cto/4351774075.html,cadillac catera,0,0,cto
http://auburn.craigslist.org/fuo/4351767495.html,Dining Table by Stanley Furniture CO.,32.547500,-85.468200,fuo
http://auburn.craigslist.org/cto/4351709375.html,2005 Toyota Corolla LE 4 Cylinder 4 Door,0,0,cto
http://auburn.craigslist.org/cto/4351759301.html,BMW Sun Shade,0,0,cto
http://auburn.craigslist.org/boa/4351759268.html,1972 2hp Evinrude Outboard Motor,0,0,boa
http://auburn.craigslist.org/fuo/4333859377.html,TV Stand,0,0,fuo
http://auburn.craigslist.org/pts/4351728977.html,Parting out 1999 dodge Ram,32.499500,-86.364100,pts
http://auburn.craigslist.org/mob/4351609397.html,White iPhone 5c (Verizon) FS/FT,0,0,mob
http://auburn.craigslist.org/cto/4351729930.html,1991 Ford F450 Work Truck,0,0,cto
http://auburn.craigslist.org/fod/4348067550.html,7x16 enclosed Harley trailer,0,0,fod
http://auburn.craigslist.org/msd/4318379942.html,"Beginner 38"" Acoustic Guitar with Bag/Strap",0,0,msd
http://auburn.craigslist.org/msd/4335981075.html,"Beginner 38"" Acoustic Guitar with Bag/Strap",31.224300,-82.359600,msd
http://auburn.craigslist.org/for/4310208408.html,Dyson DC 28 Animal Air Muscle Vacuum,32.547500,-85.468200,for
http://auburn.craigslist.org/for/4310216422.html,Subway Gift Cards $50 value (5 cards x $10),0,0,for
http://auburn.craigslist.org/for/4310269972.html,Subway Gift Cards $60 value (4 x $15 each),0,0,for
http://auburn.craigslist.org/sgd/4332772950.html,Handcrafted Lures,0,0,sgd
http://auburn.craigslist.org/pts/4351686389.html,"Aluminum Wheels 16""x10""- 6x5.5 Lug pattern",32.576800,-85.312000,pts
http://auburn.craigslist.org/rvs/4351630288.html,Summer Cottage on Wheels,0,0,rvs
http://auburn.craigslist.org/hsh/4335162487.html,kapoosh knife block,32.662645,-85.348663,hsh
http://auburn.craigslist.org/fuo/4351646017.html,Blue Sofa ,32.822400,-85.770400,fuo
http://auburn.craigslist.org/pts/4331819694.html,wtb/wtt for s-10 wheels,32.811300,-85.174900,pts
http://auburn.craigslist.org/cto/4351624197.html,Nissan 350z,0,0,cto
http://auburn.craigslist.org/for/4351633383.html,Charbroil Gas Grill,32.822400,-85.770400,for
http://auburn.craigslist.org/grq/4346103018.html,Car Trailer Brand New,0,0,grq
http://auburn.craigslist.org/snd/4330338790.html,Brand New 4wheelers  Dirt Bikes & Scooters,0,0,snd
http://auburn.craigslist.org/mpo/4312811113.html,mustang Harley Sportster seat,0,0,mpo
http://auburn.craigslist.org/wad/4351235990.html,ISO: 3BR/2BATH; $500-550!!!,0,0,wad
http://auburn.craigslist.org/boa/4351244304.html,20' Sea Ark,31.885575,-85.112801,boa
http://auburn.craigslist.org/clo/4351229605.html,men's suit jacket,32.520100,-85.100000,clo
http://auburn.craigslist.org/cto/4351203652.html,97 s10 lowrider on 20,32.916400,-85.936800,cto
http://auburn.craigslist.org/jwl/4351192240.html,$2500 Ware Jewelers Gift Card,0,0,jwl
http://auburn.craigslist.org/rvd/4331854415.html,HONDA DEMO GENERATORS EU6500 Watt,32.621100,-85.392900,rvd
http://auburn.craigslist.org/mcd/4340662219.html,2001 Honda Goldwing,0,0,mcd
http://auburn.craigslist.org/ele/4325168926.html,TV AND STAND,0,0,ele
http://auburn.craigslist.org/cto/4351126605.html,2007 Toyota Solara SLE VVTI 3.3 V6,32.547500,-85.468200,cto
http://auburn.craigslist.org/ele/4347533741.html,DSLR,0,0,ele
http://auburn.craigslist.org/atd/4319728138.html,Lots of Antiques!,34.247571,-88.999726,atd
http://auburn.craigslist.org/boa/4347830937.html,2006 Triton Fish/Ski,0,0,boa
http://auburn.craigslist.org/for/4351160057.html,Grading - Clearing - Concrete,32.497800,-85.023400,for
http://auburn.craigslist.org/boa/4351158390.html,89 baja 19 ft sport ,32.916400,-85.936800,boa
http://auburn.craigslist.org/hvd/4350913289.html,New Dump Hauler 18' Big Tex $12750.00,0,0,hvd
http://auburn.craigslist.org/clo/4351124091.html,3 PROM DRESSES FOR SALE! ,0,0,clo
http://auburn.craigslist.org/cto/4339067161.html,2009 Ford Escape Xlt,32.547500,-85.468200,cto
http://auburn.craigslist.org/cto/4339140206.html,2012 Nissan Rouge,32.547500,-85.468200,cto
http://auburn.craigslist.org/cto/4339109464.html,2008 Pontiac Grand Prix,32.547500,-85.468200,cto
http://auburn.craigslist.org/cto/4339089685.html,2000 Buick Park Avenue,32.547500,-85.468200,cto
http://auburn.craigslist.org/cto/4333744336.html,2006 Kia Amanti,32.547500,-85.468200,cto
http://auburn.craigslist.org/cto/4330850054.html,2008 Hyundai Accent,32.547500,-85.468200,cto
http://auburn.craigslist.org/cto/4330759499.html,2008 Mazda 6,32.547500,-85.468200,cto
http://auburn.craigslist.org/hvd/4316253744.html,Trailer New Bigtex 28' Heavy Duty,0,0,hvd
http://auburn.craigslist.org/cto/4330667286.html,2005 Buick Lacrosse ,32.497800,-85.023400,cto
http://auburn.craigslist.org/cto/4329584523.html,2007 Toyota Camry Le,32.547500,-85.468200,cto
http://auburn.craigslist.org/cto/4329545048.html,2006 Scion TC ,32.547500,-85.468200,cto
http://auburn.craigslist.org/cto/4329499000.,None,0,0,cto
http://auburn.craigslist.org/for/4306867742.html,10 gallon aquarium / fish tank,0,0,for
http://auburn.craigslist.org/app/4306797986.html,GE Spacesaver Microwave,0,0,app
http://auburn.craigslist.org/for/4306857797.html,40 Gallon Aquarium Complete with Everything! Just ad water &fish!,0,0,for
http://auburn.craigslist.org/sys/4306830987.html,hp laptop,0,0,sys
http://auburn.craigslist.org/app/4306812052.html,GE Green Vintage Stove ,0,0,app
http://auburn.craigslist.org/tls/4328802614.html,Drywall dollies-baker scaffolds,32.925200,-85.442600,tls
http://auburn.craigslist.org/bfd/4309923189.html,FAST FOOD POS SYSTEM,0,0,bfd
http://auburn.craigslist.org/cto/4317176129.html,Stump grinder Rayco RG 50,0,0,cto
http://auburn.craigslist.org/cto/4317158749.html,Wood chipper ,0,0,cto
http://auburn.craigslist.org/fuo/4350552380.html,3 tier round display piece,0,0,fuo
http://auburn.craigslist.org/fuo/4350552225.html,Antique armoire,0,0,fuo
http://auburn.craigslist.org/ele/4350550552.html,8 in tablet,0,0,ele
http://auburn.craigslist.org/clo/4308063272.html,BEAUTIFUL TIE SETS ,0,0,clo
http://auburn.craigslist.org/for/4308879013.html,GATEWAY LAPTOP ( ALL UPGRADES),0,0,for
http://auburn.craigslist.org/clo/4307707769.html,Men Clothing  ,32.621100,-85.392900,clo
http://auburn.craigslist.org/msg/4307300120.html,BUNDY CLARINET,0,0,msg
http://auburn.craigslist.org/msg/4307252530.html,BUNDY CLARINET,0,0,msg
http://auburn.craigslist.org/for/4307220919.html,KODAK EASY SHARE C160,32.621100,-85.392900,for
http://auburn.craigslist.org/clo/4307223346.html,DRESS SHOES/ FIT SIZE 11.5-12,0,0,clo
http://auburn.craigslist.org/clo/4307226825.html,RALPH LAUREN POLO BOOTS,32.621100,-85.392900,clo
http://auburn.craigslist.org/wan/4350531815.html,dog pen wanted,33.074600,-86.078100,wan
http://auburn.craigslist.org/bab/4350533591.html,Baby bed,0,0,bab
http://auburn.craigslist.org/atq/4350533358.html,Crystal & Marcrest dishes,0,0,atq
http://auburn.craigslist.org/bab/4350533209.html,Two crib sets for sale,0,0,bab
http://auburn.craigslist.org/app/4350533039.html,kerosene heater,0,0,app
http://auburn.craigslist.org/mob/4350532887.html,Note 2 accessories,0,0,mob
http://auburn.craigslist.org/cto/4350513245.html,1989 jeep wrangler,0,0,cto
http://auburn.craigslist.org/cto/4350502083.html,bmw 530i with very low mileage,0,0,cto
http://auburn.craigslist.org/fod/4350473429.html,*** Carport *** - Free Delivery and Installed $595,0,0,fod
http://auburn.craigslist.org/fuo/4350467452.html,2 seater couch,0,0,fuo
http://auburn.craigslist.org/msd/4350453052.html,►► Mint Condition Wurlitzer Baby Grand Disklavier Piano,0,0,msd
http://auburn.craigslist.org/bks/4350396384.html,99cents money making business,0,0,bks
http://auburn.craigslist.org/fuo/4350458732.html,Queen size bed for sale,0,0,fuo
http://auburn.craigslist.org/fuo/4350455999.html,Single vanity,0,0,fuo
http://auburn.craigslist.org/bik/4349904844.html,Giant Bicycle ATX 860 Aluminum,32.576800,-85.312000,bik
http://auburn.craigslist.org/jwl/4316333581.html,Juicy Couture Bracelets,0,0,jwl
http://auburn.craigslist.org/clo/4316278831.html,Coach Purse ,0,0,clo
http://auburn.craigslist.org/clo/4316286595.html,Black Ugg Boots Size 8,0,0,clo
http://auburn.craigslist.org/clo/4316299882.html,Victoria's Secret bathing suit-new,0,0,clo
http://auburn.craigslist.org/clo/4320155465.html,White formal dress long-size 4,0,0,clo
http://auburn.craigslist.org/spo/4349885285.html,Rubber bumper plates (4),0,0,spo
http://auburn.craigslist.org/hsh/4349881581.html,Fish Tank-75 gallon,32.576800,-85.312000,hsh
http://auburn.craigslist.org/cto/4349877354.html,AUDI A4 1999,32.602400,-85.487300,cto
http://auburn.craigslist.org/fuo/4349873010.html,Chair,0,0,fuo
http://auburn.craigslist.org/for/4349732585.html,Professional Cleaning Lady for Hire,0,0,for
http://auburn.craigslist.org/fuo/4334593467.html,Coffee Table & End Tables & Lamps,0,0,fuo
http://auburn.craigslist.org/grd/4334480040.html,ESAB Welder,0,0,grd
http://auburn.craigslist.org/cto/4343589663.html,1990 DODGE DYNASTY,32.621100,-85.392900,cto
http://auburn.craigslist.org/cto/4349819059.html,MERCURY MILAN PREMIER LOADED 3.0L ONLY 38K,0,0,cto
http://auburn.craigslist.org/fod/4337135200.html,Brand New 7 x 16 Utility Trailer,31.439100,-85.643600,fod
http://auburn.craigslist.org/fod/4320222457.html,New 8x25 20K Gooseneck Equipment Trailer,0,0,fod
http://auburn.craigslist.org/for/4349737976.html,Pet sitting ,0,0,for
http://auburn.craigslist.org/mcy/4349777412.html,2003 Suzuki SV650 Track Bike,32.547500,-85.468200,mcy
http://auburn.craigslist.org/fod/4308451814.html,*SALE: $4850* 2013 NEW GAS CART WHITE SERIAL: JW8-404168 FACTORY LIGHT,31.278741,-86.267921,fod
http://auburn.craigslist.org/fod/4308376553.html,*SALE: $4850* 2013 NEW GAS CART WHITE SERIAL: JW8-404168 FACTORY LIGHT,31.278741,-86.267921,fod
http://auburn.craigslist.org/fod/4307348496.html,*SALE: $5250* 2013 NEW ELECTRIC CART RED SERIAL: JC1-500755 FACTORY LI,31.278741,-86.267921,fod
http://auburn.craigslist.org/hsh/4349735777.html,Pet Care ,0,0,hsh
http://auburn.craigslist.org/pts/4349792760.html,94-95 Ford Mustang GT rear bumper,32.822400,-85.770400,pts
http://auburn.craigslist.org/tls/4349771019.html,Alignment Machine - Heavy Truck,33.022464,-85.358083,tls
http://auburn.craigslist.org/mcy/4341001251.html,2006 HONDA SHADOW 750,32.499500,-86.364100,mcy
http://auburn.craigslist.org/bks/4349660422.html,Law Books for Sale!!!!!,33.465300,-86.808200,bks
http://auburn.craigslist.org/wan/4349714597.html,Wanted: Chocolate lab or Australian shep pup,32.383400,-86.243400,wan
http://auburn.craigslist.org/bfd/4310212265.html,LOOK AT THE BEST POS SYSTEM,0,0,bfd
http://auburn.craigslist.org/bfd/4310213501.html,WE HAVE 110 000 POS CLIENTS,0,0,bfd
http://auburn.craigslist.org/bfd/4310907998.html,IN PURSUIT OF THE PERFECT POS SYSTEM,0,0,bfd
http://auburn.craigslist.org/clo/4337339072.html,NEW: Marc Jacobs Stam  Orange Snake-Embossed Leather  Marigold Trim,40.797500,-73.968300,clo
http://auburn.craigslist.org/clt/4329623835.html,Opelika State Tech 1972 yearbook,32.547500,-85.468200,clt
http://auburn.craigslist.org/clt/4329614655.html,Curio cabinet for displaying collectibles,32.547500,-85.468200,clt
http://auburn.craigslist.org/app/4329617181.html,Orion color tv,32.547500,-85.468200,app
http://auburn.craigslist.org/for/4329648873.html,figurine,32.547500,-85.468200,for
http://auburn.craigslist.org/art/4329668086.html,Safari box,32.547500,-85.468200,art
http://auburn.craigslist.org/hsh/4329672217.html,Angel coffee mug,32.547500,-85.468200,hsh
http://auburn.craigslist.org/hsh/4329669958.html,bell,32.547500,-85.468200,hsh
http://auburn.craigslist.org/for/4329653911.html,figurines,32.547500,-85.468200,for
http://auburn.craigslist.org/hsh/4329674215.html,small teapot,32.547500,-85.468200,hsh
http://auburn.craigslist.org/art/4329631481.html,Painting in frame,32.547500,-85.468200,art
http://auburn.craigslist.org/emd/4329629047.html,VHS storage boxes,32.547500,-85.468200,emd
http://auburn.craigslist.org/clt/4329646306.html,Polaroid one step close up camera,32.547500,-85.468200,clt
http://auburn.craigslist.org/clt/4329643239.html,Polaroid Photo Magic System,32.547500,-85.468200,clt
http://auburn.craigslist.org/fuo/4329619875.html,beautiful gold frame mirror,32.547500,-85.468200,fuo
http://auburn.craigslist.org/clo/4324670307.html,Ladies vintage sheer apron,32.547500,-85.468200,clo
http://auburn.craigslist.org/clo/4324674203.html,Beautiful ladies apron from the 1940's,32.547500,-85.468200,clo
http://auburn.craigslist.org/clo/4324678176.html,Vintage apron from the 1940's,32.547500,-85.468200,clo
http://auburn.craigslist.org/clt/4324665136.html,Vintage ladies apron,32.547500,-85.468200,clt
http://auburn.craigslist.org/hsd/4324495511.html,Cool paper plate holders (12),32.547500,-85.468200,hsd
http://auburn.craigslist.org/app/4309041556.html,Expresso coffee machine by Gaggia,32.547500,-85.468200,app
http://auburn.craigslist.org/bks/4342140646.html,Great books for an engineer,32.547500,-85.468200,bks
http://auburn.craigslist.org/fuo/4338222502.html,6 foot long sofa,32.547500,-85.468200,fuo
http://auburn.craigslist.org/hsh/4337137776.html,Cotton cloth place mats and napkin sets,32.547500,-85.468200,hsh
http://auburn.craigslist.org/app/4336265338.html,Sunbeam iron,32.547500,-85.468200,app
http://auburn.craigslist.org/app/4324497650.html,GE under the counter radio,32.547500,-85.468200,app
http://auburn.craigslist.org/hsh/4333177644.html,Hallway carpet,32.547500,-85.468200,hsh
http://auburn.craigslist.org/clo/4324824715.html, Tannery West  Red Leather Jacket,32.547500,-85.468200,clo
http://auburn.craigslist.org/clt/4324813882.html,"""Bob Hope"" shirt",32.547500,-85.468200,clt
http://auburn.craigslist.org/wan/4348717566.html,WTB Antique Sword Canes or Gadget Canes of any sort,0,0,wan
http://auburn.craigslist.org/grd/4348720142.html,horse,32.621200,-85.184000,grd
http://auburn.craigslist.org/bik/4336471820.html,Giro Bicycle Helmet,0,0,bik
http://auburn.craigslist.org/grd/4348716367.html,Bombproof red roan started on barrels ,0,0,grd
http://auburn.craigslist.org/cto/4330296464.html,2003 Ford Focus - $2600,0,0,cto
http://auburn.craigslist.org/cto/4348704464.html,05 Ford F-550 Crew Cab,0,0,cto
http://auburn.craigslist.org/bab/4337767143.html,CRIB AND CHANGING TABLE! ,0,0,bab
http://auburn.craigslist.org/grd/4348700315.html,6x12 tandem axle trailer,0,0,grd
http://auburn.craigslist.org/grd/4348692410.html,Zero Turn Mower- Wright Stander,0,0,grd
http://auburn.craigslist.org/art/4312304995.html,Large Flower Picture with Frame ,0,0,art
http://auburn.craigslist.org/fuo/4314728542.html,Large Side Table,0,0,fuo
http://auburn.craigslist.org/hsh/4314774999.html,2 Lamps for sale!!,0,0,hsh
http://auburn.craigslist.org/fuo/4314736321.html,Glass top side table FOR SALE! ,0,0,fuo
http://auburn.craigslist.org/for/4348683296.html,Yorkie poo forsale,0,0,for
http://auburn.craigslist.org/boa/4348681447.html,PROP - Murcury,32.621200,-85.184000,boa
http://auburn.craigslist.org/bar/4327498127.html,Ps3 250 gig & Xbox 360 250 gig,32.595727,-85.453184,bar
http://auburn.craigslist.org/fuo/4335376139.html,"BRAND NEW 8"" MEMORY FOAM MATTRESS TWIN",32.592000,-85.518900,fuo
http://auburn.craigslist.org/for/4318085123.html,Auburn War Eagle fire pit for sale-REDUCED,0,0,for
http://auburn.craigslist.org/spo/4348609749.html,extra clean 16ft Lowe bass boat ,0,0,spo
http://auburn.craigslist.org/spo/4348595331.html,Weslo Pursuit G 3.1 Exercise Bike,0,0,spo
http://auburn.craigslist.org/cto/4348585739.html,1990 Nissan 300zx,0,0,cto
http://auburn.craigslist.org/cto/4345442274.html,1999 4 door Dodge Ram 1500 4x4,0,0,cto
http://auburn.craigslist.org/mcy/4348564375.html,2009 Yamaha Zuma 125,32.861600,-85.216100,mcy
http://auburn.craigslist.org/bab/4336459420.html,BABYBJORN Organic Comfort Carrier,0,0,bab
http://auburn.craigslist.org/fuo/4348549945.html,Reduced! like new couch,0,0,fuo
http://auburn.craigslist.org/for/4348518627.html,Puffit Discreet Vape,0,0,for
http://auburn.craigslist.org/cto/4321954663.html,2007 Ford Five Hundred ,32.621100,-85.392900,cto
http://auburn.craigslist.org/pts/4348532980.html,5.5 ft fiberglass bedcover,32.916400,-85.936800,pts
http://auburn.craigslist.org/cto/4348480032.html,2006 Chevy Cobalt  69000 miles!!! must see! ,0,0,cto
http://auburn.craigslist.org/cto/4348514846.html,Convertible Mustang 2001,32.477900,-84.898000,cto
http://auburn.craigslist.org/ctd/4348499743.html,2004 Mercedes-Benz CLK-Class CLK500 LOADED WE FINANCE EVERYONE IS APPR,29.817266,-95.429343,ctd
http://auburn.craigslist.org/bar/4348498176.html,04 Yamaha R6,0,0,bar
http://auburn.craigslist.org/mob/4348497949.html,Iphone 5c 16GB with Flappy Bir d,0,0,mob
http://auburn.craigslist.org/grd/4348078020.html,rehoming fullblood pits,0,0,grd
http://auburn.craigslist.org/hsh/4348071223.html,Pots and pans  utensils and Pyrex,0,0,hsh
http://auburn.craigslist.org/mob/4348054986.html,Samsung Galaxy S3 At&t,0,0,mob
http://auburn.craigslist.org/fud/4329195984.html,Queen Sleigh Bedroom Set,32.385452,-86.307628,fud
http://auburn.craigslist.org/fud/4329220454.html,New Serta Sienna Chocolate Sofa and Loveseat,32.384487,-86.307805,fud
http://auburn.craigslist.org/for/4348045884.html,Ornate plant stand,32.578200,-85.349000,for
http://auburn.craigslist.org/pts/4339064175.html,Class 2 hitch part that hold the ball,0,0,pts
http://auburn.craigslist.org/ele/4339056396.html,Radio Shack FM walkie talkees,0,0,ele
http://auburn.craigslist.org/art/4327230104.html,"""White tiger"" by Spencer Roberts",0,0,art
http://auburn.craigslist.org/emd/4324565313.html,80 vhs movies,0,0,emd
http://auburn.craigslist.org/emd/4324580685.html,Bullit with Steve Mcqueen VHS,0,0,emd
http://auburn.craigslist.org/emd/4324575775.html,Barbarella-1968 Jane Fonda,0,0,emd
http://auburn.craigslist.org/art/4339051332.html,print of flowers & butterflies ,0,0,art
http://auburn.craigslist.org/tld/4341302488.html,Brand New Diesel Generators,0,0,tld
http://auburn.craigslist.org/cto/4348028274.html,Yellow 04 rx8,32.621100,-85.392900,cto
http://auburn.craigslist.org/bfd/4316231860.html,Roll Up Garage Doors-Free PU,0,0,bfd
http://auburn.craigslist.org/mcy/4348011437.html,2003 Kawasaki ZR7s-H3 Silver,32.576800,-85.312000,mcy
http://auburn.craigslist.org/spo/4335165583.html,Soccer Goal,32.621100,-85.392900,spo
http://auburn.craigslist.org/mob/4347980760.html,Otter Box Armor Series,0,0,mob
http://auburn.craigslist.org/bik/4347975767.html,Lovly bie for sale ,41.359000,-85.046800,bik
http://auburn.craigslist.org/fuo/4347972779.html,Awesome Glider Rocker with Foot Stool,34.339300,-84.375800,fuo
http://auburn.craigslist.org/fuo/4331050023.html,Pair of gold metal/glass top end tables,0,0,fuo
http://auburn.craigslist.org/cto/4347809467.html,2001 nissan maxima,0,0,cto
http://auburn.craigslist.org/bab/4347962059.html,Baby Clothes Boy Newborn  0-3 and 3 month,32.612484,-85.481014,bab
http://auburn.craigslist.org/mcy/4322602571.html,2006 Suzuki SV650,32.592000,-85.518900,mcy
http://auburn.craigslist.org/cto/4329025389.html,"""CAMMED"" 06' Mustang GT Premium LOW MILES (Reduced Price)",32.551000,-85.897800,cto
http://auburn.craigslist.org/grd/4347934568.html, saddle horse,0,0,grd
http://auburn.craigslist.org/cto/4337447304.html,2001 Grandmarquise on 24's,32.253800,-87.597400,cto
http://auburn.craigslist.org/bod/4347914863.html, Wavewalk Kayaks-Ultimate Fishing,0,0,bod
http://auburn.craigslist.org/pts/4306588298.html,"5"" exhaust 08-09 ford powerstroke",0,0,pts
http://auburn.craigslist.org/mcy/4335168553.html,Harley Davidson Sportster 1200 custom 2004,32.621200,-85.184000,mcy
http://auburn.craigslist.org/pts/4305015777.html,Toyota 22R 22RE Head,0,0,pts
http://auburn.craigslist.org/pts/4305029328.html,22R Engine Rebuilt,33.680300,-85.713700,pts
http://auburn.craigslist.org/spo/4347212076.html,SOLOFLEX EXERCISE EQUIPMENT,32.688446,-85.324287,spo
http://auburn.craigslist.org/spo/4347201049.html,Gold's Gym Stride Trainer 380 Elliptical,0,0,spo
http://auburn.craigslist.org/cto/4347192188.html,79 k5,0,0,cto
http://auburn.craigslist.org/clo/4331085278.html,Prom dress size 14,0,0,clo
http://auburn.craigslist.org/pts/4347058888.html,PARTING OUT 2002 Dodge Dakota QUAD CAB 3.9 2WD V6 313 759 0001,42.366100,-83.142200,pts
http://auburn.craigslist.org/boa/4347187457.html,Ski boat,0,0,boa
http://auburn.craigslist.org/sys/4347185201.html,Norton-AntiVirus With Antispyware Disc,0,0,sys
http://auburn.craigslist.org/sys/4347179302.html,Netgear Router ,0,0,sys
http://auburn.craigslist.org/ele/4347172080.html,Garmin nuvi 1450 GPS,0,0,ele
http://auburn.craigslist.org/cto/4347155228.html,88 k5 lifted,0,0,cto
http://auburn.craigslist.org/clo/4347138950.html,New Balance,32.763200,-85.514400,clo
http://auburn.craigslist.org/grd/4347127756.html,4 Saddles for sale,33.151349,-85.359907,grd
http://auburn.craigslist.org/mcy/4347064525.html,Child's race car (formula 1) gokart for sale - very cool ,0,0,mcy
http://auburn.craigslist.org/fuo/4338685136.html,Two Identical Sofas,0,0,fuo
http://auburn.craigslist.org/ele/4347110705.html,Toshiba Pocket PC e400 series,32.811300,-85.174900,ele
http://auburn.craigslist.org/bar/4347090282.html,1966 mustang coupe,32.551000,-85.897800,bar
http://auburn.craigslist.org/hab/4322482369.html,CPAP Strap Device,32.621100,-85.392900,hab
http://auburn.craigslist.org/cto/4347101184.html,Infiniti ,32.654200,-86.031600,cto
http://auburn.craigslist.org/vgm/4333851373.html,Playstation 3 (PS3) Games For Sale,32.613424,-85.480413,vgm
http://auburn.craigslist.org/fuo/4328433593.html,Poker Table Top,0,0,fuo
http://auburn.craigslist.org/mcy/4339835996.html,2008 Yamaha XT250,32.558967,-85.815926,mcy
http://auburn.craigslist.org/cto/4339850788.html,2011 GMC Sierra Z71,32.559980,-85.816612,cto
http://auburn.craigslist.org/cto/4347063406.html,2000 Ford F150 XLT,0,0,cto
http://auburn.craigslist.org/grd/4347060938.html,zero turn mower,32.861600,-85.216100,grd
http://auburn.craigslist.org/grd/4347059340.html,landscape tiller,0,0,grd
http://auburn.craigslist.org/grd/4347058543.html,skidsteer attachment bucket,0,0,grd
http://auburn.craigslist.org/boa/4347041146.html,Canoe  17' Aluminum with paddles,0,0,boa
http://auburn.craigslist.org/spo/4347039184.html,Spaulding Executive Gold Oversize Junior Clubs,0,0,spo
http://auburn.craigslist.org/clo/4347031254.html,prom dress,0,0,clo
http://auburn.craigslist.org/clo/4347026460.html,prom dress,0,0,clo
http://auburn.craigslist.org/mcy/4336280151.html,None,0,0,mcy
http://auburn.craigslist.org/pts/4346309615.html,4 BFG A/Ts 31x10.5x15,0,0,pts
http://auburn.craigslist.org/bks/4336306610.html,Great read for that holiday kindle gift on a lazy weekend,32.547500,-85.468200,bks
http://auburn.craigslist.org/wan/4346297673.html,Winter park co student or adult (male) ski passes wanted   need two,32.547500,-85.468200,wan
http://auburn.craigslist.org/ele/4313640304.html,Fast router  Linksys EA6500 Smart Wifi,0,0,ele
http://auburn.craigslist.org/pts/4346289125.html,Racing Pedals,32.587899,-85.482044,pts
http://auburn.craigslist.org/pts/4346279547.html,camper shell ,32.478100,-85.124000,pts
http://auburn.craigslist.org/bar/4346223221.html,Jeep Soft Top and Other Items,32.822400,-85.770400,bar
http://auburn.craigslist.org/for/4346253630.html,Folding Dog Crate Port-A-Crate,32.593980,-85.473772,for
http://auburn.craigslist.org/pts/4326483549.html,"24"" Rims with tires 255/30/24",0,0,pts
http://auburn.craigslist.org/fuo/4346238944.html,Ikea office chairs,32.593980,-85.473772,fuo
http://auburn.craigslist.org/app/4346226004.html,Delonghi BG24 Indoor Grill  Electric  Black/Glass,32.593980,-85.473772,app
http://auburn.craigslist.org/grd/4346225747.html,Grasshopper 620 Front Mount Lawn Mower - $7600,0,0,grd
http://auburn.craigslist.org/pts/4346203199.html,perfect Jetta seats,0,0,pts
http://auburn.craigslist.org/for/4341411928.html,Foreclosed- 4 BDR/ 2 Baths- Home and Land,32.001278,-85.119233,for
http://auburn.craigslist.org/cto/4308990349.html,2006 Chevy Silverado 2500 Duramax 4X4 ,0,0,cto
http://auburn.craigslist.org/mat/4329964877.html,treated 2x4's,32.551000,-85.897800,mat
http://auburn.craigslist.org/wan/4346067021.html,Wanting a traxxas 4x4 truck roller ,0,0,wan
http://auburn.craigslist.org/cto/4303048671.html,2005 Nissan Pathfinder Off Road Utility 4X4,33.024300,-85.073900,cto
http://auburn.craigslist.org/fuo/4346043823.html,Furniture for sale need gone ASAP ,32.541314,-85.450115,fuo
http://auburn.craigslist.org/cto/4345989228.html,2008 Chevrolet Z71 ext. cab,32.383400,-86.243400,cto
http://auburn.craigslist.org/clo/4345963170.html,King Size Mattress & Boxspring ,32.547500,-85.468200,clo
http://auburn.craigslist.org/clo/4302476736.html,Prom Dress,0,0,clo
http://auburn.craigslist.org/atq/4345954844.html,Antique Victorian Gentleman's Chair,32.547500,-85.468200,atq
http://auburn.craigslist.org/clo/4345902993.html,"""Drop 3 Dress Sizes INSTANTLY""",45.527000,-122.685400,clo
http://auburn.craigslist.org/cto/4345934931.html,2005 Ford Expedition XLT,32.621100,-85.392900,cto
http://auburn.craigslist.org/clo/4336424314.html,Nursing Uniforms,0,0,clo
http://auburn.craigslist.org/bab/4345887803.html,Evenflo carseat & base! Rarely used! ,0,0,bab
http://auburn.craigslist.org/for/4319650663.html,New Scrubs with Tags,0,0,for
http://auburn.craigslist.org/grq/4345818211.html,New Auto Trailer $3120,0,0,grq
http://auburn.craigslist.org/hab/4345875700.html,7 It Works wraps,0,0,hab
http://auburn.craigslist.org/fuo/4306208962.html,Glider Rocker,32.833700,-85.119700,fuo
http://auburn.craigslist.org/vgm/4307686299.html,Disney Infinity,32.621100,-85.392900,vgm
http://auburn.craigslist.org/msg/4344961401.html,Beginner Ludwig snare drum & bell kit,33.042972,-84.981887,msg
http://auburn.craigslist.org/boa/4344894962.html,Rivera 28' Pontoon Boat with trailer,32.822400,-85.770400,boa
http://auburn.craigslist.org/grd/4311003355.html,farm animals wanted,33.042400,-85.324300,grd
http://auburn.craigslist.org/boa/4344896069.html,Twin jetski trailer will trade for single trailer and $100,32.822400,-85.770400,boa
http://auburn.craigslist.org/for/4334503164.html,John Deere,0,0,for
http://auburn.craigslist.org/atq/4344906947.html,VINTAGE METAL BED- Shabby Chic!! ,0,0,atq
http://auburn.craigslist.org/for/4344889634.html,55 gallon aquarium fish tank for sale! ,0,0,for
http://auburn.craigslist.org/spo/4344864472.html,Costa Del Mar sunglasses,32.547500,-85.468200,spo
http://auburn.craigslist.org/for/4344875323.html,Costa Del Mar sunglasses,32.547500,-85.468200,for
http://auburn.craigslist.org/mcy/4344882962.html,2004 Honda Scooter 49cc,0,0,mcy
http://auburn.craigslist.org/clo/4344863269.html,Costa Del Mar sunglasses,32.547500,-85.468200,clo
http://auburn.craigslist.org/cto/4317089190.html,Tree service equipment for sale  wood chipper  chipper truck,0,0,cto
http://auburn.craigslist.org/for/4344826884.html,AKC Registered English Bulldog,0,0,for
http://auburn.craigslist.org/mcy/4341558614.html,DRZ400E - Suzuki,0,0,mcy
http://auburn.craigslist.org/sno/4344794508.html,Brute force 750,0,0,sno
http://auburn.craigslist.org/cto/4344785496.html,2007 Ford Crown vicĄ! Loaded black on black!priced 2 Sell 3700,0,0,cto
http://auburn.craigslist.org/cto/4307121064.html,WTB JUNK CARS ($200 & UP),0,0,cto
http://auburn.craigslist.org/for/4344761373.html,Quantum 2000 Watt Amp,32.592000,-85.518900,for
http://auburn.craigslist.org/bar/4301953801.html,Tobacco Signs,0,0,bar
http://auburn.craigslist.org/for/4344759568.html,"2 Quantum 12"" Subwoofers w/ Box",0,0,for
http://auburn.craigslist.org/snd/4300714996.html,Brand New 4wheelers  Dirt Bikes & Scooters,0,0,snd
http://auburn.craigslist.org/ele/4344763971.html,Surround sound ,0,0,ele
http://auburn.craigslist.org/pts/4344762880.html,235/55/18 used tires ,0,0,pts
http://auburn.craigslist.org/grq/4323019063.html,Steel Buildings,33.603500,-86.466800,grq
http://auburn.craigslist.org/ptd/4310889506.html,★★~WE BUY BROKEN VEHICLES $100~$300~★★,0,0,ptd
http://auburn.craigslist.org/mod/4310895731.html,$$$~~WE BUY JUNK VEHICLES $100-$300~~$$$,0,0,mod
http://auburn.craigslist.org/cto/4307436334.html,CAR HAULER-DIRT TRACK TRAILER $1800.00 OBO,0,0,cto
http://auburn.craigslist.org/pts/4344748122.html,Honda rims with tires,0,0,pts
http://auburn.craigslist.org/bar/4344737394.html,99 Honda shadow 1100 low miles,0,0,bar
http://auburn.craigslist.org/wan/4344694688.html,barter,0,0,wan
http://auburn.craigslist.org/cto/4344628695.html,fun ride ,0,0,cto
http://auburn.craigslist.org/app/4303826205.html, Kenmore Washer  Proform Treadmill,32.592000,-85.518900,app
http://auburn.craigslist.org/hsh/4301131224.html,Mattress set - (like brand new  rarely used),32.547500,-85.468200,hsh
http://auburn.craigslist.org/tix/4343833317.html,NASCAR Save Mart 350 3 day pass for 2,38.982900,-121.094400,tix
http://auburn.craigslist.org/tix/4343832197.html,NASCAR SaveMart 350 3 day pass for 2,38.284900,-122.469600,tix
http://auburn.craigslist.org/for/4343831502.html,Dcorative Wool area rug,0,0,for
http://auburn.craigslist.org/boa/4343780761.html,14ft center console,0,0,boa
http://auburn.craigslist.org/clo/4343808943.html,large bag of girls size 3-4T clothes,0,0,clo
http://auburn.craigslist.org/wan/4343785497.html,land wanted any size,32.547500,-85.468200,wan
http://auburn.craigslist.org/tag/4343821034.html,plastic kitchen set & princess ,0,0,tag
http://auburn.craigslist.org/cto/4343679964.html,no title-parts-no title,0,0,cto
http://auburn.craigslist.org/pts/4343800441.html,"35"" Mickey Thompson Mud Terrain Tires 315/70/17",32.516100,-84.978500,pts
http://auburn.craigslist.org/cto/4340465475.html,56 Plymouth savoy,32.592700,-86.215300,cto
http://auburn.craigslist.org/for/4343784369.html,Antique Pier Mirror,0,0,for
http://auburn.craigslist.org/cto/4343781759.html,2003 z71 Tahoe,0,0,cto
http://auburn.craigslist.org/hsh/4343776274.html,"Antique Caucasian Kilim Rug 4'6"" x 8'5""",32.547500,-85.468200,hsh
http://auburn.craigslist.org/clt/4343755843.html,Jack Daniels Sign (real wood),0,0,clt
http://auburn.craigslist.org/ele/4307822863.html,Pansonic SU-363 Stereo Amplifier,32.673916,-85.397072,ele
http://auburn.craigslist.org/pts/4343761969.html,looking to purchase lawn maintenance company,32.547500,-85.468200,pts
http://auburn.craigslist.org/grq/4311338617.html,Grow Affordable Feed in Your Utility Room,0,0,grq
http://auburn.craigslist.org/cld/4303063579.html,uniforms new 1.00 each,0,0,cld
http://auburn.craigslist.org/clt/4343738090.html,Budweiser Mirror Rare Collectible!!,0,0,clt
http://auburn.craigslist.org/hsh/4343748428.html,"Large Turkish Kilim Rug 5'4"" x 10'7""",0,0,hsh
http://auburn.craigslist.org/ele/4307794124.html,"VR3 400 watt 6""x9"" car speakers",32.671460,-85.399990,ele
http://auburn.craigslist.org/mob/4329679505.html,Droid Bionics,0,0,mob
http://auburn.craigslist.org/cto/4343698145.html,2003 Chevrolet Cavalier,32.592000,-85.518900,cto
http://auburn.craigslist.org/sno/4330902889.html,YFZ 450 yellow and black for parts out,32.383600,-85.916200,sno
http://auburn.craigslist.org/pts/4310496843.html,Bench seat from gmc top kick truck,32.383600,-85.916200,pts
http://auburn.craigslist.org/pts/4343710777.html,88-98 chevy/gmc truck bed and front diff,32.476678,-85.562897,pts
http://auburn.craigslist.org/mod/4343674120.html,$47.00 Unlimited Talk  Text & Data on your old Sprint phone - $47 ,0,0,mod
http://auburn.craigslist.org/tag/4305715660.html,Razor MX500 Dirt Rocket Electric Motocross Bike,0,0,tag
http://auburn.craigslist.org/cto/4343703373.html,1967 Ford Galaxie 500 XL convertible,32.547500,-85.468200,cto
http://auburn.craigslist.org/clt/4343653987.html,1st iron bowl at Jordan hare program,0,0,clt
http://auburn.craigslist.org/msg/4343694077.html,Fulltone Fulldri,0,0,msg
http://auburn.craigslist.org/for/4343036154.html,Tan yeti roadie cooler,32.592000,-85.518900,for
http://auburn.craigslist.org/mob/4343023252.html,iPhone 4 with flappy bird,0,0,mob
http://auburn.craigslist.org/app/4329920577.html,Apliance for sale CHEAP ,0,0,app
http://auburn.craigslist.org/ele/4343007187.html,PAIR of JL AUDIO W3v3 12s!!,0,0,ele
http://auburn.craigslist.org/cto/4329930752.html,Chevy snow plow truck ,0,0,cto
http://auburn.craigslist.org/for/4343016920.html,Turkey lease macon county alabama,0,0,for
http://auburn.craigslist.org/cto/4301926115.html,2005  GMC Yukon SLT,0,0,cto
http://auburn.craigslist.org/app/4342984719.html,Mini Fridge,0,0,app
http://auburn.craigslist.org/cto/4321230248.html,2004 Chevrolet Z71,0,0,cto
http://auburn.craigslist.org/fuo/4342948549.html,Toy Box,32.547500,-85.468200,fuo
http://auburn.craigslist.org/mcy/4342963625.html,cbr 1100,32.592000,-85.518900,mcy
http://auburn.craigslist.org/grd/4342947371.html,looking for riding mower,0,0,grd
http://auburn.craigslist.org/tag/4342949526.html,Doll House,32.547500,-85.468200,tag
http://auburn.craigslist.org/fuo/4342947757.html,Full headboard and footboard,32.547500,-85.468200,fuo
http://auburn.craigslist.org/pts/4325859830.html,Lsx swap custom paint radio suspension bags,32.551000,-85.897800,pts
http://auburn.craigslist.org/cto/4342877771.html,1997 Toyota Tacoma ext cab ,33.247400,-85.829000,cto
http://auburn.craigslist.org/bar/4336642579.html,99 cobra,0,0,bar
http://auburn.craigslist.org/cto/4306029767.html,2005 Chevy Tahoe w/ DVD Hookup & Onstar,0,0,cto
http://auburn.craigslist.org/grd/4342879603.html,Ready for spring RYOBI 30C.C. weedeater  AND 2 ATTACHMENTS,0,0,grd
http://auburn.craigslist.org/grd/4342871502.html,Ready for Spring Husqvarna 125 b Blower,0,0,grd
http://auburn.craigslist.org/pts/4342870937.html,jeep wheels and tires.set of 5.,0,0,pts
http://auburn.craigslist.org/grd/4342865544.html,Ready for spring MURRAY PUSHMOWER,0,0,grd
http://auburn.craigslist.org/grd/4342863543.html,Ready for spring Homelite Weedeater,0,0,grd
http://auburn.craigslist.org/tls/4342855260.html,Craftsman Speed Lok Drill and driver set and Extractor set,0,0,tls
http://auburn.craigslist.org/wad/4310884657.html,★★~WE BUY BROKEN VEHICLES $100~$300~★★,0,0,wad
http://auburn.craigslist.org/tls/4342828334.html,Tubing Cutters Hvac Plumbing & Auto,0,0,tls
http://auburn.craigslist.org/pts/4342786774.html, 6 lug rims for sale. ,0,0,pts
http://auburn.craigslist.org/hab/4342810541.html,4 Bundles of Malaysian Hair,0,0,hab
http://auburn.craigslist.org/tls/4322476180.html,Large wrenches Metric and standard,0,0,tls
http://auburn.craigslist.org/mcy/4319006187.html,Motorcycle/atv tools,0,0,mcy
http://auburn.craigslist.org/bik/4342802768.html,MINT** TravelTrac Fluid indoor trainer,0,0,bik
http://auburn.craigslist.org/bik/4342796172.html,TREK Mens 56cm Alpha 2.1- MINT,0,0,bik
http://auburn.craigslist.org/bik/4342802265.html,Bontrager bike pump (racing and mountain bike tubes),0,0,bik
http://auburn.craigslist.org/fod/4330380527.html,Brand New Spa X-6 Hot Tub ,0,0,fod
http://auburn.craigslist.org/pts/4341994023.html,03 mustang headlights and taillights,0,0,pts
http://auburn.craigslist.org/cto/4341987288.html,69 suburban ,32.621100,-85.392900,cto
http://auburn.craigslist.org/cto/4341985299.html,79 f100,32.621100,-85.392900,cto
http://auburn.craigslist.org/mad/4330599273.html,"2 1/4""- 3 1/4""- 5"" Solid Unfinished Exotic Hardwood Flooring $2.69/sf ",32.547500,-85.468200,mad
http://auburn.craigslist.org/hsd/4330591696.html,"3 1/4"" Natural & Gunstock Hickory Premium Grade Hardwood Flooring !",32.547500,-85.468200,hsd
http://auburn.craigslist.org/wan/4341871790.html,I will take in any unwanted horses,34.192100,-86.194100,wan
http://auburn.craigslist.org/hvd/4308820655.html,Sale Big Tex Trailer 5'x10',0,0,hvd
http://auburn.craigslist.org/bab/4341884062.html,Athena Allie 3-in-1 Convertible Crib in White - NEW  ,32.497800,-85.023400,bab
http://auburn.craigslist.org/grq/4321000504.html,Sale Big Tex Gooseneck Dump Trailer,0,0,grq
http://auburn.craigslist.org/snd/4300933918.html,*BRAND NEW* 150CC ,31.278741,-86.267921,snd
http://auburn.craigslist.org/pts/4341785054.html,Like new toyota rims and tires!,0,0,pts
http://auburn.craigslist.org/tls/4328456833.html,Tool Box  Bench Grinder  Angle Grinder and Impact Wrench for sale!!!!,0,0,tls
http://auburn.craigslist.org/had/4341746196.html,make up,0,0,had
http://auburn.craigslist.org/ele/4341770917.html,Beats by dre - Wireless Pills Solos,0,0,ele
http://auburn.craigslist.org/bik/4341768585.html,road bike frame and parts,32.622623,-85.404925,bik
http://auburn.craigslist.org/mob/4341760832.html,iPhone 5/5s cases,0,0,mob
http://auburn.craigslist.org/mpo/4314911413.html,Shoei rf800,0,0,mpo
http://auburn.craigslist.org/mpo/4314907857.html,Teknic riding gloves  jacket  and boots,0,0,mpo
http://auburn.craigslist.org/bar/4341733057.html,15.5' pelican canoe,0,0,bar
http://auburn.craigslist.org/bfd/4334847194.html,Work For the BEST Boss You Will Ever Have. . ..YOU!,0,0,bfd
http://auburn.craigslist.org/mob/4341652414.html,Top dollar for your old iPhone,0,0,mob
http://auburn.craigslist.org/ele/4341645085.html,Sony Home Theater Speaker Set,37.275142,-121.879765,ele
http://auburn.craigslist.org/fuo/4341638128.html,file cabinet,37.275142,-121.879765,fuo
http://auburn.craigslist.org/fuo/4341645240.html,sofa + love seat,37.275142,-121.879765,fuo
http://auburn.craigslist.org/pts/4341618615.html,Motor&trans,32.782700,-85.647400,pts
http://auburn.craigslist.org/for/4341612891.html,Oak Firewood,0,0,for
http://auburn.craigslist.org/cto/4341612275.html,2013 corvette black on black,0,0,cto
http://auburn.craigslist.org/msd/4341595126.html,★★ Mint Condition Ebony Baldwin M Player Piano,33.865600,-84.072500,msd
http://auburn.craigslist.org/bar/4341589802.html,1983 GMC,0,0,bar
http://auburn.craigslist.org/clo/4341585345.html,Patagonia Pull Over Mens XL,33.396700,-86.834600,clo
http://auburn.craigslist.org/cto/4336226200.html,1992 lexusls400,0,0,cto
http://auburn.craigslist.org/ele/4310542086.html,Polk RTi4 Book Shelf Speakers Excellent!,0,0,ele
http://auburn.craigslist.org/grd/4340909034.html,ELECTRIC HEDGE TRIMMER,0,0,grd
http://auburn.craigslist.org/hsh/4326620876.html,Antique Wine Holder & Portable Ice Bucket,32.547500,-85.468200,hsh
http://auburn.craigslist.org/atq/4340891465.html,Chinese Desk,32.621100,-85.392900,atq
http://auburn.craigslist.org/sno/4340891279.html,2011 EZ GO RXV,32.547500,-85.468200,sno
http://auburn.craigslist.org/hvd/4301239959.html,$1075.00 Top Quality Utility Hauler On Sale,0,0,hvd
http://auburn.craigslist.org/pts/4340855979.html,22 in rims 5 lug 5x114 universal,32.782700,-85.647400,pts
http://auburn.craigslist.org/bab/4340851788.html,Medela Pump in Style Breast Pump,0,0,bab
http://auburn.craigslist.org/cto/4340820581.html,2007 Toyota Tacoma (base model reg cab) white,0,0,cto
http://auburn.craigslist.org/for/4340846071.html,window heat and air unitPRICE REDUCED,0,0,for
http://auburn.craigslist.org/grq/4340709179.html,Service Center for Trailer at Big Tex,0,0,grq
http://auburn.craigslist.org/fuo/4340819814.html,Like new couch,32.576800,-85.312000,fuo
http://auburn.craigslist.org/for/4340819738.html,Home For Sale By Owner,0,0,for
http://auburn.craigslist.org/grd/4340798134.html,Goats- billy kids,0,0,grd
http://auburn.craigslist.org/pts/4331732906.html,22 in rims 5 lug 5x114 universal,32.782700,-85.647400,pts
http://auburn.craigslist.org/bab/4332025690.html,Graco Pack N Play,0,0,bab
http://auburn.craigslist.org/bab/4326629520.html,Changing Table Contoured Pad,32.547500,-85.468200,bab
http://auburn.craigslist.org/bab/4326626846.html,Serta Perfect Dream Baby Crib Mattress,0,0,bab
http://auburn.craigslist.org/bab/4326622481.html,Baby bathtub with infant net,32.547500,-85.468200,bab
http://auburn.craigslist.org/rvd/4340774447.html,Chalet Cabin  Park Model,34.037700,-87.756300,rvd
http://auburn.craigslist.org/bab/4340789675.html,Laura Ashley Graco Stoller ,0,0,bab
http://auburn.craigslist.org/hvd/4302158928.html,12' On Sale Enclosed Trailer,0,0,hvd
http://auburn.craigslist.org/fod/4296448412.html,SWIMMING POOLS 24 ROUND PKG WITH INSTALLATION,0,0,fod
http://auburn.craigslist.org/fud/4330957907.html,New Ashley Leather Sofa and Loveseat,0,0,fud
http://auburn.craigslist.org/cto/4340747131.html,2003 Chevy Trailblazer 4X4 great condition,32.822400,-85.770400,cto
http://auburn.craigslist.org/fuo/4340739572.html,TV stand,32.618123,-85.502300,fuo
http://auburn.craigslist.org/sno/4340718067.html,2007 Honda recon 250,0,0,sno
http://auburn.craigslist.org/mcy/4340676249.html,2007 Ninja 650r,32.547500,-85.468200,mcy
http://auburn.craigslist.org/cto/4340697827.html,2002 Ford Explorer XLT,0,0,cto
http://auburn.craigslist.org/vgm/4340694387.html,Call of Duty Ghost Xbox 360,0,0,vgm
http://auburn.craigslist.org/pts/4340640782.html,2001 ford f150 chrome brush guard,0,0,pts
http://auburn.craigslist.org/cld/4306415644.html,WRANGLER WESTERN SHIRTS,0,0,cld
http://auburn.craigslist.org/hvo/4332678008.html,Caterpillar Filters ,0,0,hvo
http://auburn.craigslist.org/pts/4331333180.html,2003 Toyota Avalon low miles,0,0,pts
http://auburn.craigslist.org/fuo/4339917875.html,Wood Coffee Table For Sale,0,0,fuo
http://auburn.craigslist.org/tls/4339912808.html,Ryobi electric drill ,32.592000,-85.518900,tls
http://auburn.craigslist.org/fuo/4298478563.html,Living room Chair / Sofa chair with arms,32.547500,-85.468200,fuo
http://auburn.craigslist.org/grd/4339895758.html,Airens zoom,32.082900,-88.206400,grd
http://auburn.craigslist.org/for/4339893801.html,Zero turn,32.576800,-85.312000,for
http://auburn.craigslist.org/bar/4339877695.html,1999 Ultra Ground Pounder,32.811300,-85.174900,bar
http://auburn.craigslist.org/for/4339864065.html,2Br 2Bath Mobile Home For Sale,32.543411,-85.536602,for
http://auburn.craigslist.org/wan/4333964230.html,WANTED!!! Dirtbike,0,0,wan
http://auburn.craigslist.org/wan/4339837187.html,Vintage and newer toys gi joe transformers and more ,0,0,wan
http://auburn.craigslist.org/fuo/4335124955.html,Queen Sleeper Sofa,0,0,fuo
http://auburn.craigslist.org/bar/4339798577.html,Ariat Hotshot,32.602400,-85.487300,bar
http://auburn.craigslist.org/grd/4339781817.html,"Used 42"" Craftsman mower deck",0,0,grd
http://auburn.craigslist.org/vgm/4339675844.html,Used only once xbox elite with need for speed,0,0,vgm
http://auburn.craigslist.org/wan/4339772154.html,Used utility trailers ,0,0,wan
http://auburn.craigslist.org/for/4339742786.html,10 gal. Aquarium With Everything and Fish,32.547500,-85.468200,for
http://auburn.craigslist.org/pts/4339746311.html,4 DAKOTA DEFINITY MUD TERRAIN TIRES PLUS RIMS,32.547500,-85.468200,pts
http://auburn.craigslist.org/fuo/4339731092.html,Round Dining Table with 4 chairs,32.612979,-85.475249,fuo
http://auburn.craigslist.org/fud/4339674080.html,A Property Remodeler's wish come true - Lower price Cabinetry,0,0,fud
http://auburn.craigslist.org/for/4339579413.html,Land For Sale 45 Acres (Greene County Ala),32.610800,-87.844100,for
http://auburn.craigslist.org/mpo/4339669319.html,Joe Rocket riding Jacket,32.305300,-85.167700,mpo
http://auburn.craigslist.org/for/4327707071.html,Pinewood Derby Speed Supplies and Tools,0,0,for
http://auburn.craigslist.org/cto/4339673741.html,1999 ford f350 7.3 4x4 diesel,32.547500,-85.468200,cto
http://auburn.craigslist.org/ele/4339671064.html,Old ps3 fat one ,32.574158,-85.193138,ele
http://auburn.craigslist.org/tls/4339650417.html,spark plug extractor,0,0,tls
http://auburn.craigslist.org/ele/4339653555.html,Small TV,0,0,ele
http://auburn.craigslist.org/ele/4339611850.html,Flip ultra Hd video camera,32.592000,-85.518900,ele
http://auburn.craigslist.org/fuo/4339645606.html,Black Coffee Table,0,0,fuo
http://auburn.craigslist.org/app/4339630304.html, Stove & Microwave For Sale,0,0,app
http://auburn.craigslist.org/for/4339624493.html,Golden Replica stamp collection,32.543700,-85.687100,for
http://auburn.craigslist.org/for/4339623229.html,Brass weight set,32.543700,-85.687100,for
http://auburn.craigslist.org/eld/4338774395.html,EverFocus Color Quad Processor,32.649138,-85.380227,eld
http://auburn.craigslist.org/eld/4338771847.html,CAT5E Patch Panel 12 Port,32.649138,-85.380227,eld
http://auburn.craigslist.org/cto/4313213471.html,04 mustang gt,32.916400,-85.936800,cto
http://auburn.craigslist.org/cto/4338719153.html,1995 Eddie Bauer Edition F-150 4 Wheel Drive,0,0,cto
http://auburn.craigslist.org/clo/4338756491.html,Gorgeous Allure Couture Wedding Gown- RARE find!,32.621100,-85.392900,clo
http://auburn.craigslist.org/atq/4307626905.html,1964 Cheverolet Impala SS,32.916400,-85.936800,atq
http://auburn.craigslist.org/cto/4338735530.html,1989 Toyota Supra,0,0,cto
http://auburn.craigslist.org/fud/4301782638.html,Farmhouse Tables (X style legs),0,0,fud
http://auburn.craigslist.org/for/4321844177.html,Push mowers for sale! ,0,0,for
http://auburn.craigslist.org/hab/4315001592.html,Scooter Chair and Rollator,0,0,hab
http://auburn.craigslist.org/mob/4338698013.html,galaxy s w/ flappy bird,0,0,mob
http://auburn.craigslist.org/app/4338660018.html,Levo Hands-Free Book Stand,0,0,app
http://auburn.craigslist.org/ele/4298132836.html,free tv check out farrars tv,32.477900,-84.898000,ele
http://auburn.craigslist.org/cto/4338657777.html,wanted- VW TDI project car,0,0,cto
http://auburn.craigslist.org/mcy/4338640537.html,2003 Honda Shadow 750,0,0,mcy
http://auburn.craigslist.org/boa/4338619102.html,1987 Aqua Sport 290 Tournament Master,0,0,boa
http://auburn.craigslist.org/clo/4338570427.html,Size 9 platform heels ,0,0,clo
http://auburn.craigslist.org/clo/4338567221.html,Guess slingback heels size 8 evening shoe,0,0,clo
http://auburn.craigslist.org/sno/4338557214.html,Club Car Golf Cart,32.592000,-85.518900,sno
http://auburn.craigslist.org/wan/4338548719.html,Ticket ski winterpark wanted,32.593106,-85.459900,wan
http://auburn.craigslist.org/fuo/4338509453.html,AUTHENTIC VINTAGE BLACK BACKGROUND MOROCCAN RUG,0,0,fuo
http://auburn.craigslist.org/msd/4338502971.html,☆☆ STUNNING EBONY YAMAHA GA1 GRAND PIANO WITH PLAYER ,33.865600,-84.072500,msd
http://auburn.craigslist.org/fuo/4338505753.html,AUTHENTIC VINTAGE RED MOROCCAN RUG,0,0,fuo
http://auburn.craigslist.org/fod/4297330409.html,22-30 inch rims,0,0,fod
http://auburn.craigslist.org/wan/4338477119.html,C.S. Lewis books,0,0,wan
http://auburn.craigslist.org/bfd/4338419237.html,Work For the BEST Boss You Will Ever Have. . ..YOU!,0,0,bfd
http://auburn.craigslist.org/wan/4338454343.html,Wanted Tripod,0,0,wan
http://auburn.craigslist.org/tag/4338456835.html,Your rc batteries for mine (traxxa hpi Losi 4x4),0,0,tag
http://auburn.craigslist.org/fuo/4338453866.html,Free Love Seat,0,0,fuo
http://auburn.craigslist.org/pts/4338433040.html,Z71 wheels and toyo mts ,0,0,pts
http://auburn.craigslist.org/fuo/4338450456.html,Guinea pig or hamster cage (new),0,0,fuo
http://auburn.craigslist.org/tag/4338445709.html,1/5 scale rc parts truck (traxxas hpi RUST!!! weed eater 4x4),0,0,tag
http://auburn.craigslist.org/cto/4338420057.html,1999 Chevy three door 160 000 miles asking 6500.00 or OBO,0,0,cto
