http://auburn.craigslist.org/bab/4357128825.html,Baby Trend Sit n Stand Stroller,32.547500,-85.468200,bab
http://auburn.craigslist.org/boa/4335214868.html,2000 Legend Dominator 202 XLD,0,0,boa
http://auburn.craigslist.org/for/4357125159.html,Reels on Wheels fishing cart GREAT condition,0,0,for
http://auburn.craigslist.org/bfd/4353554663.html,Little sales and manufacturing business always has been a good money maker,0,0,bfd
http://auburn.craigslist.org/fuo/4357115418.html,leather couch for sale,32.621200,-85.184000,fuo
http://auburn.craigslist.org/ele/4357035121.html,White Ipod 4th Gen 8GB.,47.305000,-122.206700,ele
http://auburn.craigslist.org/cto/4351729930.html,1991 Ford F450 Work Truck,0,0,cto
http://auburn.craigslist.org/for/4345388634.html,cheap purses and shoes,32.547500,-85.468200,for
http://auburn.craigslist.org/app/4334139583.html,Kenmore Elite cooktop ,47.309900,-122.265300,app
http://auburn.craigslist.org/grd/4334120435.html,Nice simco trail saddle for sale or trade ,0,0,grd
http://auburn.craigslist.org/syd/4338534302.html,"Gateway19"" Widescreen LCD Monitor",40.177900,-105.101000,syd
http://auburn.craigslist.org/mob/4356995447.html,ATT Galaxy S3,31.028600,-97.611500,mob
http://auburn.craigslist.org/cto/4357003630.html,1995 Ford F150 4x4,0,0,cto
http://auburn.craigslist.org/cto/4357075813.html,02 35th Anniversary Camaro,32.520100,-85.100000,cto
http://auburn.craigslist.org/ele/4341662853.html,SONY TV!! NICE PICTURE...,0,0,ele
http://auburn.craigslist.org/for/4335588218.html,TIMBERLAND BOOTS  LIKE NEW!!,0,0,for
http://auburn.craigslist.org/for/4341656879.html,"50"" SONY!! EXCELLENT PICTURE!!",0,0,for
http://auburn.craigslist.org/bab/4333296138.html,Chicco Keyfit 30 with Extra Base,0,0,bab
http://auburn.craigslist.org/had/4356971100.html,Discount Health Plans,32.547500,-85.468200,had
http://auburn.craigslist.org/ele/4357058412.html,"IGT S2000 ""Real Atlantic City"" Slot Machines from Harrah's Showboat!!!",0,0,ele
http://auburn.craigslist.org/for/4357052058.html,tool box for f150  sized trucks or any full size truck,0,0,for
http://auburn.craigslist.org/cto/4352716849.html,"2002 Silverado LT z71 with 6"" fabtech lift",32.621100,-85.392900,cto
http://auburn.craigslist.org/grd/4331748006.html,David Bradley Garden Tractor,32.547500,-85.468200,grd
http://auburn.craigslist.org/snd/4353670621.html,Brand New 4wheelers  Dirt Bikes & Scooters,0,0,snd
http://auburn.craigslist.org/spo/4334927147.html,Hummingbird 798ci SI combo Depth Finder,32.547500,-85.468200,spo
http://auburn.craigslist.org/grd/4352712525.html,help wanted,32.576800,-85.312000,grd
http://auburn.craigslist.org/grd/4336810312.html,trailer   24 ft,32.576800,-85.312000,grd
http://auburn.craigslist.org/grd/4357010824.html,TEXAS LONGHORNS,30.475200,-87.699200,grd
http://auburn.craigslist.org/grd/4357016496.html,trailer   24 ft,32.576800,-85.312000,grd
http://auburn.craigslist.org/mob/4357012006.html,BRAND NEW VERIZON MOTOROLA DROID ULTRA-BLACK,32.547500,-85.468200,mob
http://auburn.craigslist.org/spo/4353071363.html,Mounted Black Bear $1000-OBO,32.621100,-85.392900,spo
http://auburn.craigslist.org/fuo/4356701692.html,Queen and Full Mattress Set,32.592000,-85.518900,fuo
http://auburn.craigslist.org/sys/4356608672.html,"Macbook Pro 15"" (Mid 2012)",32.609881,-85.485306,sys
http://auburn.craigslist.org/zip/4356695679.html,belgian malinios,0,0,zip
http://auburn.craigslist.org/bik/4348890128.html,(2)  Raleigh Moutain Bikes ,0,0,bik
http://auburn.craigslist.org/cto/4348880282.html,BMW 325i  4 door  reliable 6 cylinder,0,0,cto
http://auburn.craigslist.org/cto/4333716671.html,1979 Bronco - 4 speed  351  runs but rod knocks and needs left axle,0,0,cto
http://auburn.craigslist.org/for/4333690899.html,LOUVER STYLE (Shutter Style) includes frames AND doors (NEW) ,0,0,for
http://auburn.craigslist.org/wan/4356681390.html,Want Milk Crates,0,0,wan
http://auburn.craigslist.org/mat/4321795364.html,Schlage - lever style DOOR SETS - (Entry/Bed & Bath/Closet)(BRAND NEW),0,0,mat
http://auburn.craigslist.org/for/4321777881.html,NEW Scaffolling - w/ Aluminum walk boards,0,0,for
http://auburn.craigslist.org/grd/4356679419.html,Chicken Pens,32.783100,-85.275600,grd
http://auburn.craigslist.org/grd/4356678806.html,Nesting Boxes,32.783100,-85.275600,grd
http://auburn.craigslist.org/grd/4356677424.html,John Deere,32.783100,-85.275600,grd
http://auburn.craigslist.org/grd/4356676786.html,Herford Bull,32.783100,-85.275600,grd
http://auburn.craigslist.org/grd/4356676141.html,Firewood,32.783100,-85.275600,grd
http://auburn.craigslist.org/fuo/4356666777.html,Bistro Dining Collection,0,0,fuo
http://auburn.craigslist.org/mcy/4356614975.html,2006 Kawasaki Ninja 250,32.571699,-85.498695,mcy
http://auburn.craigslist.org/rvs/4356618655.html,Class C MH  Trade for Smaller RV,0,0,rvs
http://auburn.craigslist.org/clo/4356641020.html,Nike Free Run 3.0 sz 12 x 2 ,32.606700,-85.483246,clo
http://auburn.craigslist.org/fuo/4356629759.html,4 drawer wood dresser,0,0,fuo
http://auburn.craigslist.org/for/4356622965.html,"Sony KDS-R70XBR2 70"" DLP",0,0,for
http://auburn.craigslist.org/boa/4356621176.html,Bass Tracker 175 (2006) Like New,0,0,boa
http://auburn.craigslist.org/ele/4356619552.html,"70"" Sony DLP KDS-R70XBR",0,0,ele
http://auburn.craigslist.org/fuo/4356616783.html,Like New Modern Sofa,0,0,fuo
http://auburn.craigslist.org/app/4356605323.html,speed queen stack combo,32.478100,-85.124000,app
http://auburn.craigslist.org/tix/4344914509.html,Elton John 15 Mar Birmingham concert tickets,0,0,tix
http://auburn.craigslist.org/jwl/4356595925.html,14k solid white gold necklace ,0,0,jwl
http://auburn.craigslist.org/ele/4356585726.html,HP Pavilion G6 Laptop,32.621100,-85.392900,ele
http://auburn.craigslist.org/clt/4356588040.html,CIVIL WAR / INDIAN WAR MEDICAL SKULL DRILLING DEVICE,0,0,clt
http://auburn.craigslist.org/grd/4356579808.html,Jennie,32.783100,-85.275600,grd
http://auburn.craigslist.org/art/4356587317.html,Auburn Art for Sale  Under $40!!,0,0,art
http://auburn.craigslist.org/snd/4356584766.html,"""Brand New 169cc Polaris RZR Youth ""Side by Side"" UTV clone""",0,0,snd
http://auburn.craigslist.org/grd/4356292187.html,CASH $$ for your Western Saddles & TACK & English TACK,33.024300,-85.073900,grd
http://auburn.craigslist.org/bfs/4322513483.html, Glowing Signs,0,0,bfs
http://auburn.craigslist.org/clo/4356263586.html,Finish Line Winner's Circle 8x $20,0,0,clo
http://auburn.craigslist.org/zip/4356169769.html,Try Ace For Free,32.609303,-85.429688,zip
http://auburn.craigslist.org/fuo/4326834634.html,Foosball Table Fat Cat like new condition ,0,0,fuo
http://auburn.craigslist.org/fuo/4326835548.html,Foosball Table Fat Cat like new condition ,32.471500,-86.483100,fuo
http://auburn.craigslist.org/cto/4335791800.html,2001 2500 hd ext cab learther all power,0,0,cto
http://auburn.craigslist.org/grd/4356173190.html,Bush Hog 296 Rotary Cutter,0,0,grd
http://auburn.craigslist.org/bfs/4331236862.html,Food Truck for Sale,33.632800,-86.649300,bfs
http://auburn.craigslist.org/ele/4356222225.html,1300.2 amp,32.621100,-85.392900,ele
http://auburn.craigslist.org/cto/4350080778.html,Low Milage! 2003 Mercedes E-320 Benz,32.547500,-85.468200,cto
http://auburn.craigslist.org/app/4356201920.html,whirlpool washer and gas dryer ,0,0,app
http://auburn.craigslist.org/fuo/4356209125.html,Matching couch  chairs  and table,0,0,fuo
http://auburn.craigslist.org/ele/4356206943.html,TRENDnet TEW-648UB,32.592000,-85.518900,ele
http://auburn.craigslist.org/app/4356192173.html,GEWasher and Dryer,0,0,app
http://auburn.craigslist.org/jwl/4356199940.html,Ladies Vintage 14k Yellow Gold Purple Amethyst Ring ,0,0,jwl
http://auburn.craigslist.org/jwl/4356190203.html,Ladies Vintage Purple Amethyst Pendent and 10k Yellow Gold Necklace ,0,0,jwl
http://auburn.craigslist.org/clt/4343446391.html,1986 Gold and Silver Proof Liberty Coin Set ,0,0,clt
http://auburn.craigslist.org/bfs/4356159751.html,forklift,32.901500,-84.332400,bfs
http://auburn.craigslist.org/clt/4320493616.html,2006-W $50 St. Gaudens 1st Strike Gold Coin ,0,0,clt
http://auburn.craigslist.org/grd/4356181543.html,2010 Walker Commercial mower 1093 hours 23 hp,0,0,grd
http://auburn.craigslist.org/cto/4350513245.html,1989 jeep wrangler,0,0,cto
http://auburn.craigslist.org/fuo/4356177376.html,Dining Room Furniture,32.863854,-85.175543,fuo
http://auburn.craigslist.org/jwl/4343381869.html,Ladies Platinum Diamond 0.76 carat custom made ring ,0,0,jwl
http://auburn.craigslist.org/mcy/4356161934.html,2005 Kawasaki Vulcan 500,32.621100,-85.392900,mcy
http://auburn.craigslist.org/mpo/4356161062.html,Honda parts,32.520100,-85.100000,mpo
http://auburn.craigslist.org/vgm/4356149817.html,like new xbox 360 ,0,0,vgm
http://auburn.craigslist.org/bar/4327498127.html,Ps3 250 gig & Xbox 360 250 gig,32.595727,-85.453184,bar
http://auburn.craigslist.org/cto/4356119851.html,Lifted Ford F250 7.3 Powerstroke Diesel,32.821326,-85.213737,cto
http://auburn.craigslist.org/cto/4356110015.html,Chevrolet Tahoe,0,0,cto
http://auburn.craigslist.org/hab/4339291875.html,Stott Pilates Advanced Matwork DVD,32.592000,-85.518900,hab
http://auburn.craigslist.org/mcd/4321692419.html,COMPLETE ATVS 4-WHEELER QUADS & DIRT BIKES & PARTS,32.520100,-85.100000,mcd
http://auburn.craigslist.org/tix/4355864031.html,Season Tics - Among Scholarship seats - extra pair for sale,0,0,tix
http://auburn.craigslist.org/boa/4350220485.html,Benefit Bass Tuornament,32.117600,-84.971100,boa
http://auburn.craigslist.org/mpd/4324833378.html,Complete Running Quads 4-wheelers ATVS Dirt Bikes Motor Cycle & Parts ,32.520100,-85.100000,mpd
http://auburn.craigslist.org/mpd/4320128304.html,COMPLETE ATVS 4-WHEELER QUADS & DIRT BIKES & PARTS,32.520100,-85.100000,mpd
http://auburn.craigslist.org/snd/4321681353.html,COMPLETE ATVS 4-WHEELER QUADS & DIRT BIKES & PARTS,32.520100,-85.100000,snd
http://auburn.craigslist.org/cto/4355869650.html,2007 tahoe LT,0,0,cto
http://auburn.craigslist.org/mpd/4321683525.html,COMPLETE ATVS 4-WHEELER QUADS & DIRT BIKES & PARTS,0,0,mpd
http://auburn.craigslist.org/mcd/4320133479.html,COMPLETE ATVS 4-WHEELER QUADS & DIRT BIKES & PARTS,32.520100,-85.100000,mcd
http://auburn.craigslist.org/fuo/4342536591.html,Almost Brand New Sectional Sofa!,32.547500,-85.468200,fuo
http://auburn.craigslist.org/bar/4351058674.html,60 gal. compressor,0,0,bar
http://auburn.craigslist.org/grd/4355839366.html,Billy-Boer,0,0,grd
http://auburn.craigslist.org/pts/4351587967.html,☵☵09 POLARIS RANGER XP 700 4x4☵☵,32.822400,-85.770400,pts
http://auburn.craigslist.org/grd/4355838598.html,goats-boer nanny,0,0,grd
http://auburn.craigslist.org/ele/4316796658.html,leap pad 2,0,0,ele
http://auburn.craigslist.org/ppd/4330004863.html,Big sale on Furnaces,0,0,ppd
http://auburn.craigslist.org/cto/4355819223.html,1994 Dodge Ram 1500 v6,0,0,cto
http://auburn.craigslist.org/ele/4355802632.html,"32"" JVC 720p LED TV",32.592000,-85.518900,ele
http://auburn.craigslist.org/cto/4355792217.html,2002 FORD MUSTANG,32.592000,-85.518900,cto
http://auburn.craigslist.org/cto/4355786643.html,2001 Suburban on 26 Inch Rims,0,0,cto
http://auburn.craigslist.org/bab/4355756023.html,Baby trend carseat/stroller combo,30.544400,-88.180700,bab
http://auburn.craigslist.org/mcy/4355755415.html,08 honda crf250r,0,0,mcy
http://auburn.craigslist.org/mob/4352675511.html,IPhone 4S like new at&t UNLOCKED with 16GB(Black) - $180,43.089200,-77.436000,mob
http://auburn.craigslist.org/mad/4341702151.html,50%--75% Off HardWood & Carpet Flooring 1.800.498.1984,33.752500,-84.388800,mad
http://auburn.craigslist.org/mcy/4355753271.html,2006 Harley-Davidson Softail FXSTi,32.547500,-85.468200,mcy
http://auburn.craigslist.org/fuo/4355743962.html,Keller China Hutch,0,0,fuo
http://auburn.craigslist.org/bar/4350737216.html,Costa del Mar sunglasses,0,0,bar
http://auburn.craigslist.org/ele/4355566997.html,trio 9in tablet ,0,0,ele
http://auburn.craigslist.org/grd/4355733275.html,Bandsawn poplar and oak,0,0,grd
http://auburn.craigslist.org/clt/4355731544.html,6 Collector Knife Sets,0,0,clt
http://auburn.craigslist.org/cto/4355720040.html,1999 Chevy Tahoe,32.551000,-85.897800,cto
http://auburn.craigslist.org/fuo/4341222914.html,Antique vanity,0,0,fuo
http://auburn.craigslist.org/for/4348777725.html,Car FM transmitter - USB/mp3 Player,32.547500,-85.468200,for
http://auburn.craigslist.org/bab/4351682859.html,NCAA AUBURN University AUBIE Pillow Pet,34.917600,-82.125800,bab
http://auburn.craigslist.org/app/4355330321.html,I BUY WORKING&BROKEN WASHERS&DRYERS,0,0,app
http://auburn.craigslist.org/fuo/4343846880.html,Queen Mattress Set (Bought brand new from Columbus),32.547500,-85.468200,fuo
http://auburn.craigslist.org/fuo/4351349500.html,Furniture in less price: mattress set,32.547500,-85.468200,fuo
http://auburn.craigslist.org/for/4351357257.html,Mattress set  cloths in very low price,32.547500,-85.468200,for
http://auburn.craigslist.org/bks/4355366681.html,Selling E-book rights ,42.074500,-75.672800,bks
http://auburn.craigslist.org/grq/4316991056.html,Skid Steer Grapples  Pallet Forks  Buckets  & More,0,0,grq
http://auburn.craigslist.org/bab/4355348732.html,7 cans 16oz powder Similac Alimentum,33.735700,-87.054600,bab
http://auburn.craigslist.org/cto/4355241066.html,2003 GMC Sierra Pro edition trade,32.576800,-85.312000,cto
http://auburn.craigslist.org/fud/4318671693.html,Sleep Number Beds Dual Temp vs Air Bed Pros ,0,0,fud
http://auburn.craigslist.org/bar/4335401744.html,"Rockford Fosgate P1 Punch 12"" and amp ",32.576800,-85.312000,bar
http://auburn.craigslist.org/app/4355328398.html,Keurig,32.576800,-85.312000,app
http://auburn.craigslist.org/mcy/4355188074.html,2003 03 Yamaha R1 motorcycle or trade for Jetski ,0,0,mcy
http://auburn.craigslist.org/mcy/4355293356.html,Harley Davidson Hugger XL Sportster for sale or possible trade,0,0,mcy
http://auburn.craigslist.org/rvd/4336253020.html,Looking to buy your unwanted RV's,0,0,rvd
http://auburn.craigslist.org/wad/4336250632.html,Looking to buy your unwanted RV's,0,0,wad
http://auburn.craigslist.org/pts/4348507744.html,Brush Guard for small truck,32.811300,-85.174900,pts
http://auburn.craigslist.org/boa/4347410453.html,1983 15 ft Aero Glass Bass Boat with 60 hp Johnson,32.549273,-85.452518,boa
http://auburn.craigslist.org/rvs/4336821826.html,2003 Coachmen Chaparral M-281BH Fifth Wheel,32.549201,-85.452518,rvs
http://auburn.craigslist.org/boa/4352285261.html,2001 Harris Flotebote 240 Classic,32.916400,-85.936800,boa
http://auburn.craigslist.org/cto/4315833447.html,!!!Price Reduced!!! 2004 BMW Z4 Roadster,0,0,cto
http://auburn.craigslist.org/bab/4355255673.html,Baby trend carseat/stroller combo,32.536900,-84.927400,bab
http://auburn.craigslist.org/cto/4355253929.html,Karman Ghia 1969,0,0,cto
http://auburn.craigslist.org/gms/4355251570.html,Moving/garage sale,32.547500,-85.468200,gms
http://auburn.craigslist.org/mcy/4355234232.html,1998 Honda Goldwing,32.621100,-85.392900,mcy
http://auburn.craigslist.org/mat/4321054604.html,USED METAL TRUSSES AND NEW METAL ROOFING,0,0,mat
http://auburn.craigslist.org/art/4355195824.html,Art ,0,0,art
http://auburn.craigslist.org/boa/4355191064.html,Trade golf course lot for boat,32.764326,-85.796700,boa
http://auburn.craigslist.org/wan/4355189692.html,paint job,32.621100,-85.392900,wan
http://auburn.craigslist.org/bod/4343913704.html,2008 Cobalt 222,0,0,bod
http://auburn.craigslist.org/bod/4347746919.html,1998 Harris Kayot Co,0,0,bod
http://auburn.craigslist.org/fod/4329194014.html,!!!!!FACTORY DIRECT 2014 8.5X20 DIAMOND CARGO TRAILER!!!!!!!!!!!!,0,0,fod
http://auburn.craigslist.org/cto/4354827553.html,For sale or trade serious inquiries only,0,0,cto
http://auburn.craigslist.org/boa/4333664013.html,Rare 1974 CheckMate w/factory 350 and Thru Wall Exhaust,0,0,boa
http://auburn.craigslist.org/wan/4354814503.html,weight bench with weights ,32.783100,-85.275600,wan
http://auburn.craigslist.org/ele/4354805058.html,pioneer double din gps system,32.312900,-86.242100,ele
http://auburn.craigslist.org/clo/4354809890.html,North Face HyVent Womens Jacket,33.465300,-86.808200,clo
http://auburn.craigslist.org/pts/4354811219.html,1997 nissan truck automatic transmission,31.660797,-87.037640,pts
http://auburn.craigslist.org/bid/4323692383.html,___ BLOW OUT BICYCLE SALE!____,0,0,bid
http://auburn.craigslist.org/fod/4354725282.html,Furnaces for discounted prices,0,0,fod
http://auburn.craigslist.org/mob/4332135017.html,Unlocked Motorola Moto G,0,0,mob
http://auburn.craigslist.org/ele/4354788150.html,ELECTRIC HEATER,0,0,ele
http://auburn.craigslist.org/cto/4354778434.html,chevy 2500hd 4x4,0,0,cto
http://auburn.craigslist.org/cto/4354747091.html,2000 TOYOTA CAMRY LE,0,0,cto
http://auburn.craigslist.org/cto/4332997474.html,63 Mercury **reduced**,32.592000,-85.518900,cto
http://auburn.craigslist.org/cto/4330236015.html,HUGE TONKA TRUCK FOR SALE!!,0,0,cto
http://auburn.craigslist.org/grd/4314598612.html,Provodine iodine scrub gallon,30.310500,-85.910600,grd
http://auburn.craigslist.org/cto/4350000452.html,1990 Chevrolet 1500 4x4,0,0,cto
http://auburn.craigslist.org/cto/4349963095.html,2001 Dodge Ram 1500 4x4,0,0,cto
http://auburn.craigslist.org/cto/4351385353.html,1999 F250 Superduty 7.3 6 speed & Jet Ski,0,0,cto
http://auburn.craigslist.org/fud/4354717901.html,Fancy Living Room Furniture- Sofa & Love Seat  Dark Brown Leather ($32,0,0,fud
http://auburn.craigslist.org/jwl/4325468176.html,Super Daytona Rolex/Trades,0,0,jwl
http://auburn.craigslist.org/cld/4314934991.html,Plus Size Clothing Closeout ,0,0,cld
http://auburn.craigslist.org/cto/4354745754.html,2010 Nissan 370z,0,0,cto
http://auburn.craigslist.org/cto/4354732070.html,ford f-250 03 double,0,0,cto
http://auburn.craigslist.org/sgd/4351589183.html,Hunting Blinds,32.621100,-85.392900,sgd
http://auburn.craigslist.org/fuo/4354729997.html,(2) LEATHER CLUB CHAIRS w/ OTTOMANS,0,0,fuo
http://auburn.craigslist.org/spo/4322213719.html,Diamond Razor Edge Bow,0,0,spo
http://auburn.craigslist.org/pts/4349268046.html,tires Michelin hydro edge 235 60 16,0,0,pts
http://auburn.craigslist.org/cto/4354667950.html,1997 TOYOTA CAMRY LE $2950.00 OBO,0,0,cto
http://auburn.craigslist.org/pts/4354715406.html,16 inch rims,0,0,pts
http://auburn.craigslist.org/fuo/4325911369.html,Great BAR for your frat house or college home!,32.562200,-86.099400,fuo
http://auburn.craigslist.org/pts/4354701576.html,1998-BUICK,32.607788,-85.488724,pts
http://auburn.craigslist.org/fuo/4354639985.html,SOFA  LOVE-,0,0,fuo
http://auburn.craigslist.org/fuo/4354376130.html,Leather Italia Couch....Like New!!,32.916400,-85.936800,fuo
http://auburn.craigslist.org/clo/4354373707.html,Prom/Pageant Formal Dress,0,0,clo
http://auburn.craigslist.org/grq/4330387498.html,Sungrazer  777 Bermudagrass Seed,33.212203,-97.128841,grq
http://auburn.craigslist.org/mcd/4341809651.html,2007 YAMAHA 1100 CUSTOM VSTAR- MUSTANG SEAT - SATTLE BAG ONLY *9000MI,31.278741,-86.267921,mcd
http://auburn.craigslist.org/fod/4342240672.html,"SNAPPER ZT2050 50""CUT 20HP BRIGGS VANGUARD ENGINE 531HRS SOLD AS IS*  ",31.278741,-86.267921,fod
http://auburn.craigslist.org/fod/4342291683.html,LX 1848H SNAPPER 48' CUT 18HP BRIGGS VANGUARD ENGINE *SOLD AS IS* NICE,31.278741,-86.267921,fod
http://auburn.craigslist.org/fod/4343424359.html,"MTD *14.5 BRIGGS & STRATTON ENGINE *42""CUT *RUN GOOD *SOLD AS IS*LOOK!",31.278741,-86.267921,fod
http://auburn.craigslist.org/fod/4343472678.html,"LT2000 15 HP KOHLER ENGINE 42"" CUT RUNS GOOD  *SOLD AS IS*  ",31.278741,-86.267921,fod
http://auburn.craigslist.org/fod/4343535767.html,"NEW HUSQVARNA YTA19K42 RIDER TRACTOR 19HP KOHLER SINGLE ENGINE 42"" CUT",31.278741,-86.267921,fod
http://auburn.craigslist.org/grd/4354358856.html,24 ft trailer,0,0,grd
http://auburn.craigslist.org/fod/4343920647.html,1998 YAMAHA GAS CART  -LIFTED  -CAMO  -RUNS GOOD!  -BACK BOX -LIGHTS -,31.278741,-86.267921,fod
http://auburn.craigslist.org/fod/4343945072.html,2008 YAMAHA SANDSTONE -48VOLT -GOOD BATTERIES  W/CHARGER - VERY CLEAN,31.278741,-86.267921,fod
http://auburn.craigslist.org/fod/4343973067.html,2011 YAMAHA  -48 VOLT -NEW TROJAN BATTERIES -SAND BOTTLE -ICE COOLER ,31.278741,-86.267921,fod
http://auburn.craigslist.org/clo/4354351565.html,Prom/Pageant dress for sale!,33.216900,-85.405700,clo
http://auburn.craigslist.org/snd/4354341387.html,2006 HONDA RINCON 680 TRX680 FA6 GREAT CONDITON MUST SEE  ,31.278741,-86.267921,snd
http://auburn.craigslist.org/grq/4332869770.html,Bigtex Equipment Trailer 30' +5' Dovetail Ready For Delivery,0,0,grq
http://auburn.craigslist.org/mat/4346146387.html,Windows ,32.621200,-85.184000,mat
http://auburn.craigslist.org/clo/4354305355.html,corset wedding dress ,32.592000,-85.518900,clo
http://auburn.craigslist.org/grd/4354279915.html,Bay Gelding 6-8yr old,32.245400,-85.395900,grd
http://auburn.craigslist.org/cto/4354270884.html,1981 chevrolet scottsdale 4x4,0,0,cto
http://auburn.craigslist.org/cto/4328369784.html,2006 GMC Sierra,0,0,cto
http://auburn.craigslist.org/spo/4354239905.html,Jack Nicklaus golf bag,0,0,spo
http://auburn.craigslist.org/jwl/4330876151.html,------- 3-Stone 1/2 Carat Diamond Ring -------,0,0,jwl
http://auburn.craigslist.org/cto/4334424921.html,Mazda RX8 Limited Shinka Greddy Turbo/Exhuast 60k miles,0,0,cto
http://auburn.craigslist.org/bar/4354217374.html,Bass  Amp  Computer  Printer,32.592000,-85.518900,bar
http://auburn.craigslist.org/vgm/4354043872.html,Nintendo WII  PS2 bundle package FOR SALE OR TRADE,32.614160,-85.479583,vgm
http://auburn.craigslist.org/mcy/4349159531.html,2004 Harley Davidson A-ROD 1130 cc ,0,0,mcy
http://auburn.craigslist.org/bid/4310354245.html, M3 Spin Bike by Keiser,33.637811,-85.825431,bid
http://auburn.craigslist.org/hab/4354207522.html,Home Gym-Yukon 4 station-300 lbs of weights and rack,0,0,hab
http://auburn.craigslist.org/bfd/4343381484.html,SOUTHERN PRIDE ROTISSERIE SMOKER,33.181956,-86.330738,bfd
http://auburn.craigslist.org/emd/4340512129.html,Western(cowboy) DVDS,0,0,emd
http://auburn.craigslist.org/fuo/4350763641.html,Farmhouse Tables (X style legs),0,0,fuo
http://auburn.craigslist.org/bod/4333719081.html,12 000 LB ALUMINUM 4 PILING BOAT LIFT,0,0,bod
http://auburn.craigslist.org/bab/4353872762.html,Wizard of Oz dress up - Dorothy and Friends,0,0,bab
http://auburn.craigslist.org/rvd/4353826407.html,Used Duplex Park Model Cabin,34.037700,-87.756300,rvd
http://auburn.craigslist.org/bod/4349684515.html,12 000 LB ALUMINUM 4 PILING BOAT LIFT,30.394200,-87.589000,bod
http://auburn.craigslist.org/bab/4353857605.html,Italtrike ABC Scooter - Like new,0,0,bab
http://auburn.craigslist.org/jwl/4343326544.html,Ladies blue topaz gold over sterling silver ring,0,0,jwl
http://auburn.craigslist.org/fod/4334960891.html,Fully Loaded Spa X-3 Hot Tub ,0,0,fod
http://auburn.craigslist.org/fod/4334952519.html,Brand New Spa X-6 Hot Tub ,0,0,fod
http://auburn.craigslist.org/jwl/4340785386.html,Ceramic Michael Kors Watch ,0,0,jwl
http://auburn.craigslist.org/eld/4330560222.html,Credit Card Terminals,0,0,eld
http://auburn.craigslist.org/cto/4353762150.html,03' CHEVY SILVERADO LT Z71 4X4!!!!!!,0,0,cto
http://auburn.craigslist.org/for/4353803173.html,Golf course Lots,32.750521,-85.800755,for
http://auburn.craigslist.org/bfd/4336574945.html,Financing For Your Business,32.606989,-85.468140,bfd
http://auburn.craigslist.org/hvd/4353692251.html,$12750 Dump Hauler Big Tex 25DU Brand New,0,0,hvd
http://auburn.craigslist.org/boa/4353783664.html,boat motor,32.581086,-85.798440,boa
http://auburn.craigslist.org/cto/4353753448.html,1994  honda civic science 5speed,32.576800,-85.312000,cto
http://auburn.craigslist.org/pts/4333466479.html,Beauitful 2006 Dura Max,32.543700,-85.687100,pts
http://auburn.craigslist.org/boa/4341747405.html,Boat and trailer,32.581086,-85.798440,boa
http://auburn.craigslist.org/boa/4325866057.html,ALBACORE ONE DESIGN SAILBOAT W/ TRAILER,32.592000,-85.518900,boa
http://auburn.craigslist.org/boa/4337372619.html,Custom leaning post,32.541459,-86.225853,boa
http://auburn.craigslist.org/gms/4341776815.html,garage sale march 1 and 2,32.581086,-85.798440,gms
http://auburn.craigslist.org/for/4342677424.html,Single Wide Mobile Home,0,0,for
http://auburn.craigslist.org/vgm/4346494840.html,turtle beach Ear Force PX3 Wireless  Headset for ps3 & 360 & pc,32.811300,-85.174900,vgm
http://auburn.craigslist.org/had/4344716686.html,Save on Medical Expenses for the Whole Household!,28.552300,-81.179500,had
http://auburn.craigslist.org/fud/4327870763.html,New Ashley Leather Sofa and Loveseat,32.385398,-86.307607,fud
http://auburn.craigslist.org/ele/4353695833.html,Xbox 360 Black 4gb slim w/ internal Hard Drive and Battlefield 4,32.547500,-85.468200,ele
http://auburn.craigslist.org/hvo/4353689142.html,live stock water tank,32.383600,-85.916200,hvo
http://auburn.craigslist.org/hvo/4353364308.html,2000 f 550 rollback for sale,0,0,hvo
http://auburn.craigslist.org/spo/4343053590.html,Louisville Slugger Pitching Machine,0,0,spo
http://auburn.craigslist.org/sno/4353330579.html,Thor Motocross Quadrant Pro Circuit Helmet - 2012 ,0,0,sno
http://auburn.craigslist.org/for/4341105854.html,Clean Heavy Duty Collapsible Bulk Container for sale (2 sizes),32.576800,-85.312000,for
http://auburn.craigslist.org/for/4341080148.html,Shipping/Packaging Tape for sale (50EA),32.576800,-85.312000,for
http://auburn.craigslist.org/for/4341058947.html,Clean Wood Pallets (2 Types) for sale ,32.576800,-85.312000,for
http://auburn.craigslist.org/pts/4336486640.html,"17"" 5zigen Wheels and Tires",0,0,pts
http://auburn.craigslist.org/rvs/4353333212.html,Kountry Aire fifth wheel,32.916400,-85.936800,rvs
http://auburn.craigslist.org/fuo/4353329958.html,Nice futon frame ,0,0,fuo
http://auburn.craigslist.org/grd/4342081409.html,4 Horse Trailer with Weekend LQ's ,32.576800,-85.312000,grd
http://auburn.craigslist.org/for/4343478619.html,smoker / charcoal grill,0,0,for
http://auburn.craigslist.org/tix/4353313918.html,Alpha Psi Rodeo parking pass,0,0,tix
http://auburn.craigslist.org/bar/4343469872.html,smoker / charcoal grill,0,0,bar
http://auburn.craigslist.org/grd/4350085466.html,smoker / charcoal grill,0,0,grd
http://auburn.craigslist.org/wan/4353191596.html,30 gal of gas 75 cents on $1 obo,0,0,wan
http://auburn.craigslist.org/gms/4353306600.html,moving sale,32.547500,-85.468200,gms
http://auburn.craigslist.org/cto/4353295937.html,89 MUSTANG GT,32.547500,-85.468200,cto
http://auburn.craigslist.org/cto/4353296695.html,1993 Chevy 2500 Cab & Chassis,0,0,cto
http://auburn.craigslist.org/cto/4353296576.html,2000 Chevy Van,0,0,cto
http://auburn.craigslist.org/fuo/4324615585.html,furniture ,0,0,fuo
http://auburn.craigslist.org/pts/4353291271.html,2008 Ford Van Bench Seats,32.547500,-85.468200,pts
http://auburn.craigslist.org/msg/4349603407.html,Gretsch Tennessee Rose,0,0,msg
http://auburn.craigslist.org/cto/4353286228.html,2003 Chevy Blazer LS 4x4,32.961506,-85.938320,cto
http://auburn.craigslist.org/pts/4353281782.html,Head Lights off 2000 GMC 1500 Truck,32.621100,-85.392900,pts
http://auburn.craigslist.org/clo/4353264188.html,Evening Dress,32.621200,-85.184000,clo
http://auburn.craigslist.org/msg/4353238520.html,Native Instruments - Maschine Studio,32.621100,-85.392900,msg
http://auburn.craigslist.org/hsh/4330485204.html,White Wood Plantation Shutters ,0,0,hsh
http://auburn.craigslist.org/clo/4332809852.html,Women's Leather Sundance Boots Size 9,0,0,clo
http://auburn.craigslist.org/cto/4353122792.html,for sale 2006 volkswagen passat,25.606200,-80.342600,cto
http://auburn.craigslist.org/cto/4353194594.html,2005 Honda Accord LX Autmatic,47.288400,-122.098000,cto
http://auburn.craigslist.org/cto/4353216892.html,1984 Bluebird School Bus with handicap lift,0,0,cto
http://auburn.craigslist.org/cto/4353208873.html,2003 ford f150 119k m,0,0,cto
http://auburn.craigslist.org/gms/4352867323.html,YARD SALE,32.619340,-85.450136,gms
http://auburn.craigslist.org/fuo/4352841544.html,3 piece tan leather furniture,32.547500,-85.468200,fuo
http://auburn.craigslist.org/mcy/4352839994.html,2006 Honda CBR600F4i,32.592000,-85.518900,mcy
http://auburn.craigslist.org/spo/4352826369.html,Mountainboard Longboard,0,0,spo
http://auburn.craigslist.org/mpo/4352717594.html,Motorcycle Trailer for Sale,33.467900,-84.480600,mpo
http://auburn.craigslist.org/gms/4352816746.html,$5 a Bag Garage Sale,32.604848,-85.450952,gms
http://auburn.craigslist.org/sno/4352640814.html,Wheel hub for Yamaha moto4,32.592000,-85.518900,sno
http://auburn.craigslist.org/boa/4318246384.html,Boat for sale or trade,0,0,boa
http://auburn.craigslist.org/fod/4329057758.html,7X16 ENCLOSED TRAILER HARLEY,32.415182,-83.298340,fod
http://auburn.craigslist.org/grq/4318237151.html,Big Tex New $7975 Open Trailer,0,0,grq
http://auburn.craigslist.org/for/4352779762.html,Utility Trailer 4x6,0,0,for
http://auburn.craigslist.org/grd/4352713566.html,Dump Trailer - Big Selection,33.467900,-84.480600,grd
http://auburn.craigslist.org/vgm/4352775165.html,3 PS3 games. Assassins Creed Black flag  NBA 2k14  COD GHOST $50,0,0,vgm
http://auburn.craigslist.org/had/4352647471.html,Vitaeris 320  Hyperbaric Chamber,34.019100,-83.826100,had
http://auburn.craigslist.org/app/4321561740.html,SMALL REFRIGERATOR,32.592700,-86.215300,app
http://auburn.craigslist.org/fuo/4328177939.html, FIRE SCREEN FOR WOOD HEATER,32.613641,-85.321026,fuo
http://auburn.craigslist.org/grd/4352708938.html,help wanted,32.576800,-85.312000,grd
http://auburn.craigslist.org/pts/4352689708.html,1970+ plymouth duster parts mopar 340,0,0,pts
http://auburn.craigslist.org/bab/4352683654.html,Stroller + Car Seat & Base/Travel System,0,0,bab
http://auburn.craigslist.org/fod/4352627271.html,WE HAVE 100'S OF GOLF CARTS!!!!!!!!!!!,0,0,fod
http://auburn.craigslist.org/msg/4352660028.html,Dunlop Cry Baby Wah Pedal,0,0,msg
http://auburn.craigslist.org/mcy/4344800746.html,2001 Harley Davison Wideglide,32.576800,-85.312000,mcy
http://auburn.craigslist.org/ele/4341888948.html,Sony Subwoofer for Home Theater,32.621100,-85.392900,ele
http://auburn.craigslist.org/ele/4352465316.html,"""Only $40 Down or No Credit Needed"" Toshiba - Satellite 15.6"" Laptop",0,0,ele
http://auburn.craigslist.org/ele/4342006763.html,Sony Home Theater Subwoofer Front Firing,0,0,ele
http://auburn.craigslist.org/fuo/4342270483.html,2 End Tables/small coffee tables for sale,0,0,fuo
http://auburn.craigslist.org/fuo/4342283845.html,Nice Glass/Metal Tv stand/Entertainment Center,32.621100,-85.392900,fuo
http://auburn.craigslist.org/ele/4343542026.html,Jensen Bass Tube,32.621100,-85.392900,ele
http://auburn.craigslist.org/cto/4352646996.html,2000 Lexus RX300 For Sale. Serious Inquiries Only Please.,32.603076,-85.422171,cto
http://auburn.craigslist.org/cto/4337703139.html,2004 Ford Escape XLT 4x4,0,0,cto
http://auburn.craigslist.org/ptd/4334524466.html,Aftermarket Jeep YJ hood catch latch,33.284500,-84.591800,ptd
http://auburn.craigslist.org/app/4334675959.html,George Foreman Grill w/ Bun Warmer,32.547500,-85.468200,app
http://auburn.craigslist.org/bfs/4352188627.html,Bunn Commercial Coffee Maker,0,0,bfs
http://auburn.craigslist.org/hvd/4312274404.html,7x14,0,0,hvd
http://auburn.craigslist.org/mob/4352168293.html,iPhone 4 16g black mint condition ,0,0,mob
http://auburn.craigslist.org/emd/4352116474.html,DVDs and some VHS !TAKE A LOOK!,0,0,emd
http://auburn.craigslist.org/cto/4352122500.html,1981 4x4 Scottsdale pickup,0,0,cto
http://auburn.craigslist.org/tag/4330545573.html,Scrabble Board Game Like New,0,0,tag
http://auburn.craigslist.org/fuo/4341674014.html,Stainless Steel 4 Hole Sink Dayton,0,0,fuo
http://auburn.craigslist.org/for/4332017286.html,Used 10 gallon tank,0,0,for
http://auburn.craigslist.org/bik/4341675671.html,Car Trunk Bike Rack,0,0,bik
http://auburn.craigslist.org/hsh/4319713895.html,Decorative Hanging Plates - Laugh  Live  Love,0,0,hsh
http://auburn.craigslist.org/hsh/4330537222.html,Camerons Gourmet Mini Smoker  Stovetop Smoker,0,0,hsh
http://auburn.craigslist.org/ele/4330510781.html,Atlantic 60 Disc Locker Steel Case - Brand New ,32.613930,-85.453634,ele
http://auburn.craigslist.org/pts/4341677245.html,Car Truck Trailor Hitch (Take a look),0,0,pts
http://auburn.craigslist.org/ele/4352116937.html,Emerson TV Model NO: TC1316RN,0,0,ele
http://auburn.craigslist.org/fuo/4341678447.html,Side Table / Cabinet,0,0,fuo
http://auburn.craigslist.org/fuo/4341682471.html,Green Power Recline Sofa,0,0,fuo
http://auburn.craigslist.org/fuo/4352116523.html,Great Wooden Dining Table with Leaf,0,0,fuo
http://auburn.craigslist.org/emd/4352116476.html,12 Elvis Movies VHS !ALL BRAND NEW! STILL SHRINK WRAPPED!,0,0,emd
http://auburn.craigslist.org/spo/4352116434.html,"Soft Ball Bat Worth Carl Rose Powercell 12"" Barrel CU31 28oz 34in",0,0,spo
http://auburn.craigslist.org/cto/4344858700.html,1999 BOX VAN,32.305300,-85.167700,cto
http://auburn.craigslist.org/grd/4352109432.html,Baby Male Chinchilla,0,0,grd
http://auburn.craigslist.org/pts/4352108842.html,2000-2006 CHEVY/GMC-NISSAN PARTS,32.667096,-85.262215,pts
http://auburn.craigslist.org/sno/4352096302.html,2005 Honda 450r,32.679700,-84.546200,sno
http://auburn.craigslist.org/mob/4344716899.html,iPhone 4S wall charger,32.547500,-85.468200,mob
http://auburn.craigslist.org/mob/4344716280.html,Ballistic iPhone4s case,32.547500,-85.468200,mob
http://auburn.craigslist.org/bfd/4335712402.html, Be your own boss -- Join the mobile marketing revolution,0,0,bfd
http://auburn.craigslist.org/clo/4352077028.html,Air Jordan Retro 11 Concords Size 8.5 Deadstock,32.592000,-85.518900,clo
http://auburn.craigslist.org/pts/4352029586.html,Huge LED Light Bar - Offroad  Hunting  Fishing,0,0,pts
http://auburn.craigslist.org/wan/4352040086.html,wanting amp and sub,32.621100,-85.392900,wan
http://auburn.craigslist.org/rvs/4352017098.html,2006 Salem LE by River Forest,31.834935,-85.164672,rvs
http://auburn.craigslist.org/sys/4351988660.html,"15"" Retina Macbook Pro",0,0,sys
http://auburn.craigslist.org/grd/4351990290.html,1953 John Deere Tractor Model 40T,33.024300,-85.073900,grd
http://auburn.craigslist.org/cto/4342698836.html,1963 Chevy Impala,0,0,cto
http://auburn.craigslist.org/clt/4334440773.html,F15-A Military Fighter Jet Airplane Windshield,33.369600,-84.819400,clt
http://auburn.craigslist.org/ele/4351563601.html,Iphone 4S verizon,32.520100,-85.100000,ele
http://auburn.craigslist.org/cto/4348180505.html,37 inch Toyo Open Country,0,0,cto
http://auburn.craigslist.org/tls/4351544889.html,2 Ingersoll 1inch impacts and 1 Ingersoll 3/4 impact,0,0,tls
http://auburn.craigslist.org/clt/4310298078.html,beer steins,0,0,clt
http://auburn.craigslist.org/emd/4310306184.html,Walker Texas ranger DVDs,0,0,emd
http://auburn.craigslist.org/pts/4314282053.html,jeep half hard doors,0,0,pts
http://auburn.craigslist.org/pts/4334638085.html,BMW E28 stuff,0,0,pts
http://auburn.craigslist.org/bab/4351543087.html,Black Toddler Boots 8M ,32.547500,-85.468200,bab
http://auburn.craigslist.org/rvd/4309447482.html,2011 Keystone Outback 282 FE Fifth Wheel ,34.987602,-85.197470,rvd
http://auburn.craigslist.org/clo/4351527545.html,NORTHFACE - WOMEN'S 1/4 ZIP NEW WITH TAGS,32.592000,-85.518900,clo
http://auburn.craigslist.org/clo/4351525399.html,Military Gore-Tex Combat Boots (9.5),32.547500,-85.468200,clo
http://auburn.craigslist.org/for/4327872185.html,VINTAGE STEAMER WARDROBE TRUNK / CHEST,0,0,for
http://auburn.craigslist.org/for/4323492949.html,$75 GIFT CARD TO PLAY IT AGAIN SPORTS,0,0,for
http://auburn.craigslist.org/for/4327866024.html,2 ATV / 4 WHEELER TIRES  HOLESHOT MX AT20X6-10,0,0,for
http://auburn.craigslist.org/fuo/4337807614.html,VANITY / MIRROR WITH BUILT IN TV COMBO,0,0,fuo
http://auburn.craigslist.org/app/4345631177.html,FREE! Gas Dryer MAYTAG Great Condition! Drys Fast!,0,0,app
http://auburn.craigslist.org/cto/4342884055.html,2004 Pt Cruiser,0,0,cto
http://auburn.craigslist.org/pts/4351501792.html,07-13 Chevy Silverado white grill,32.520100,-85.100000,pts
http://auburn.craigslist.org/tld/4344456815.html,Machine Buyers,0,0,tld
http://auburn.craigslist.org/cto/4339182830.html,1990 Lexus lS 400 Very Clean  88k Miles!!!,32.613717,-85.471555,cto
http://auburn.craigslist.org/clt/4330866452.html,1998 Lincoln Continental 117K Miles 1 Owner!! - $4500,32.613602,-85.472065,clt
http://auburn.craigslist.org/zip/4312981868.html,Free To Good Home Or Property  !!!!,32.613602,-85.472065,zip
http://auburn.craigslist.org/for/4351497345.html,New World Market canvas,0,0,for
http://auburn.craigslist.org/pts/4351485855.html,TIRES - 1 SET 245/40Z-18,32.621100,-85.392900,pts
http://auburn.craigslist.org/tag/4351483986.html,"27"" Glitter Lava Lamp",0,0,tag
http://auburn.craigslist.org/ele/4351479640.html,JL Audio amp 250/1,32.520100,-85.100000,ele
http://auburn.craigslist.org/cto/4351458456.html,'96 Mercury Sable,0,0,cto
http://auburn.craigslist.org/sno/4351447999.html,Honda Foreman 500 front and rear racks,32.520100,-85.100000,sno
http://auburn.craigslist.org/tls/4351397736.html,need craftsman contractor saw parts,0,0,tls
http://auburn.craigslist.org/fod/4351342380.html,Cars for sale/Acura/Audi/BMW/Cadillac/Chevrolet ,33.938100,-84.197200,fod
http://auburn.craigslist.org/hvd/4350777191.html,Direct from anufacturer Equipment Trailer Gooseneck BigTex 20-5,0,0,hvd
http://auburn.craigslist.org/fuo/4350981009.html,Detailier Glider,32.763200,-85.514400,fuo
http://auburn.craigslist.org/mcd/4350954525.html,RAZOR ELECTRIC SCOOTER,32.617454,-85.461681,mcd
http://auburn.craigslist.org/wan/4350971310.html,Land for Lease wanted,32.547500,-85.468200,wan
http://auburn.craigslist.org/cto/4350960128.html,1984 Ford F-150 XLT,32.592000,-85.518900,cto
http://auburn.craigslist.org/mob/4350835071.html,iPhone 5 White/Silver 32GB Unlocked and Jailbroken,32.440800,-81.774000,mob
http://auburn.craigslist.org/cto/4350841907.html,2004 dodge Durango 4x4 limited,0,0,cto
http://auburn.craigslist.org/vgm/4329584107.html,Xbox 360 Turtle Beach x42 headset  basically brand new,32.592000,-85.518900,vgm
http://auburn.craigslist.org/mad/4334910355.html,$$MOVING SALE AT FLOORING CHEAP USA$$$,33.506000,-86.893000,mad
http://auburn.craigslist.org/fuo/4350937622.html,Ridgeway Grandfather Clock,32.574809,-85.459213,fuo
http://auburn.craigslist.org/fud/4350824375.html,Discounted cabinets,0,0,fud
http://auburn.craigslist.org/cto/4350909237.html,SPRING IS ON THE WAY EVERYONE WANT A SOLARA CONVERTIBLE,0,0,cto
http://auburn.craigslist.org/mcy/4350918936.html,2002 Honda VTX 1800,32.478100,-85.124000,mcy
http://auburn.craigslist.org/sno/4332270336.html,Yamaha G22 electric,0,0,sno
http://auburn.craigslist.org/hvd/4332965126.html,New $7440 Equipment Trailer   20 Foot,0,0,hvd
http://auburn.craigslist.org/ele/4350803223.html,Pioneer PD-M423 6-Disc CD Player with remote,0,0,ele
http://auburn.craigslist.org/bar/4350830145.html,2 Craftsman riding mowers for trade,0,0,bar
http://auburn.craigslist.org/fuo/4326106553.html,Solid Oak High Top Table and Stools,0,0,fuo
http://auburn.craigslist.org/fuo/4321788077.html,Corner Entertainment Center,0,0,fuo
http://auburn.craigslist.org/cto/4350849294.html,1975 Custom Deluxe Runs A1,0,0,cto
http://auburn.craigslist.org/fud/4350849238.html,Fireproof Files,32.473000,-84.979500,fud
http://auburn.craigslist.org/cto/4350846513.html,truck for sale,32.543700,-85.687100,cto
http://auburn.craigslist.org/cto/4350841582.html,1996 Acura 2.5 TL ,32.592000,-85.518900,cto
http://auburn.craigslist.org/spo/4333661489.html,Bridgestone E7 Golf Balls,0,0,spo
http://auburn.craigslist.org/bar/4330006021.html,Beats by Dr. Dre Solo HD White,0,0,bar
http://auburn.craigslist.org/ctd/4350833441.html,500dn 03 Ford Explorer  04 Toyota Corolla  or 03-05 Ford Ranger,32.621100,-85.392900,ctd
http://auburn.craigslist.org/fuo/4344124513.html,Dining Room Set - with Buffet and China Cabinet,32.811300,-85.174900,fuo
http://auburn.craigslist.org/cto/4350811176.html,Ram 1500,0,0,cto
http://auburn.craigslist.org/fuo/4350805886.html,Burgundy LEATHER Recliner,0,0,fuo
http://auburn.craigslist.org/cto/4350802877.html,94 explorer,32.621100,-85.392900,cto
http://auburn.craigslist.org/jwl/4308396062.html,Women's Auburn Tigers watch..new!,0,0,jwl
http://auburn.craigslist.org/ptd/4317106698.html,"3/16"" Brake Line",0,0,ptd
http://auburn.craigslist.org/cto/4350343873.html,Ford rims and 46in tires,0,0,cto
http://auburn.craigslist.org/pts/4350357511.html,20's for ford on 46's,0,0,pts
http://auburn.craigslist.org/grd/4350353768.html,Large plastic pond,0,0,grd
http://auburn.craigslist.org/grd/4350322589.html,Bulls for Sale,33.555715,-85.807480,grd
http://auburn.craigslist.org/cto/4350304497.html,89 Bronco II-AS IS,32.811300,-85.174900,cto
http://auburn.craigslist.org/wan/4350279603.html,SPORTS CARDS AND COINS,32.811300,-85.174900,wan
http://auburn.craigslist.org/fuo/4311265681.html,Computor Desk,0,0,fuo
http://auburn.craigslist.org/fuo/4350275003.html,Sleigh Bed,0,0,fuo
http://auburn.craigslist.org/boa/4350249283.html,18 Ft. Fiesta Pontoon Boat,0,0,boa
http://auburn.craigslist.org/grd/4342873833.html,Farm Fresh Eggs,32.782700,-85.647400,grd
http://auburn.craigslist.org/fuo/4340300971.html,Entertainment center w glass doors,32.576800,-85.312000,fuo
http://auburn.craigslist.org/gms/4350251004.html,Rummage Sale Junior League of Lee County,32.655976,-85.345211,gms
http://auburn.craigslist.org/cto/4350130381.html,****2000 Chevy 3500 Crew Cab****,33.721700,-84.333900,cto
http://auburn.craigslist.org/bar/4329979738.html,Trade motorcycle for?,30.351100,-87.274900,bar
http://auburn.craigslist.org/boa/4326572217.html,AWESOME AFFORDABLE SKI BOAT!!,0,0,boa
http://auburn.craigslist.org/ele/4341159536.html,Vizio 22inch HD TV,0,0,ele
http://auburn.craigslist.org/vgm/4341168760.html,Xbox 360 120 gb for sale with games,0,0,vgm
http://auburn.craigslist.org/cto/4340003177.html,2013 DODGE RAM UPGRADES,31.571000,-86.274300,cto
http://auburn.craigslist.org/ele/4350189793.html,Ipad 4 32GB WIFI,0,0,ele
http://auburn.craigslist.org/fuo/4350197976.html,Desk for Sale,0,0,fuo
http://auburn.craigslist.org/mad/4343172879.html,ROOFING OUTLET SPECIAL *ARCHITECT SHINGLE $65.00,33.809458,-84.437297,mad
http://auburn.craigslist.org/mcy/4350185797.html,2009 HONDA 750 ,31.905100,-85.165600,mcy
http://auburn.craigslist.org/grd/4350135092.html,Like new Troy Bilt Self Propelled Mower,32.554627,-85.502429,grd
http://auburn.craigslist.org/cto/4319424051.html,1995 Jeep Wrangler,0,0,cto
http://auburn.craigslist.org/sno/4349985591.html,Golf Cart ,0,0,sno
http://auburn.craigslist.org/cto/4350091028.html,2010 BMW 650i Convertible,32.592000,-85.518900,cto
http://auburn.craigslist.org/cto/4318976432.html,2011 BMW 528i,0,0,cto
http://auburn.craigslist.org/ele/4350057721.html,09 model Alpine Radio,0,0,ele
http://auburn.craigslist.org/ele/4350067830.html,Sony VLP-AW15 HDTV Projector,0,0,ele
http://auburn.craigslist.org/cto/4350039033.html,1986 RS Z28 T-Top Camero,0,0,cto
http://auburn.craigslist.org/msg/4350024856.html,Taylor Big Baby,32.383400,-86.243400,msg
http://auburn.craigslist.org/hvd/4349826488.html,$14665.00 Car Trailer,0,0,hvd
http://auburn.craigslist.org/clo/4321260903.html,Large Dooney & Bourke Signature Tote,32.478100,-85.124000,clo
http://auburn.craigslist.org/mcy/4327736207.html,2006 honda vtx 1800 s,0,0,mcy
http://auburn.craigslist.org/spo/4349515090.html,Hoyt Zr200,32.621100,-85.392900,spo
http://auburn.craigslist.org/atq/4349513766.html,"WW1 ""Doughboy"" style 1918 boy's toy helmet",32.916400,-85.936800,atq
http://auburn.craigslist.org/cto/4349493692.html,Audi FOR SALE ASAP BUY!!!,32.592000,-85.518900,cto
http://auburn.craigslist.org/wan/4349448021.html,Caprice/Impala (94-96) WANTED,32.592000,-85.518900,wan
http://auburn.craigslist.org/rvs/4349440267.html,2002 rv 38 ft,33.907964,-85.983381,rvs
http://auburn.craigslist.org/cto/4349386523.html,2001 RED Chevy Camaro,0,0,cto
http://auburn.craigslist.org/spo/4349420607.html,Louisville Slugger UPM45 Pitching Machine,32.664740,-85.375657,spo
http://auburn.craigslist.org/cto/4330028306.html,2008 Jeep Wrangler JK 2wd,0,0,cto
http://auburn.craigslist.org/cto/4349383646.html,2001 Mitsubishi Montero,0,0,cto
http://auburn.craigslist.org/cto/4323389369.html,2013 Ford Edge Limited,32.551000,-85.897800,cto
http://auburn.craigslist.org/boa/4338468931.html,need gone today 400.00,32.576800,-85.312000,boa
http://auburn.craigslist.org/mob/4349368787.html,Verizon phone line,32.571699,-85.503674,mob
http://auburn.craigslist.org/grq/4337117984.html,$14665.00 Car Hauler On Sale,0,0,grq
http://auburn.craigslist.org/mcd/4349335599.html,2006 Candy Orange Champion Trike,34.949600,-86.593500,mcd
http://auburn.craigslist.org/mob/4349151228.html,Cell Phone Bluetooth ,0,0,mob
http://auburn.craigslist.org/wan/4349314642.html,2006 Chevy 1500 Brush Guard Wanted,0,0,wan
http://auburn.craigslist.org/bfs/4343817642.html,Display Cooler/Fridge for a Business,32.621100,-85.392900,bfs
http://auburn.craigslist.org/mcy/4349305185.html,O3 Gxsr (low miles),0,0,mcy
http://auburn.craigslist.org/boa/4349293819.html,trolling motor,0,0,boa
http://auburn.craigslist.org/pts/4349279822.html,Chevy GM 327 350 V8 Double Hump Heads,32.613561,-85.472244,pts
http://auburn.craigslist.org/grq/4309899099.html,2013 American Sportworks LM400 w/ Snow Plow,0,0,grq
http://auburn.craigslist.org/hab/4349268276.html,CPAP for sale,32.822400,-85.770400,hab
http://auburn.craigslist.org/mod/4349156134.html,at&t iPhone Factory unlock service ,0,0,mod
http://auburn.craigslist.org/eld/4349229752.html,60 Watt PA Amplifier,32.648672,-85.379722,eld
http://auburn.craigslist.org/bab/4349244892.html,Toddler Bed with Mattress ,0,0,bab
http://auburn.craigslist.org/eld/4349203140.html,25' SPEAKER CABLE,32.648672,-85.379722,eld
http://auburn.craigslist.org/eld/4349210746.html,Audix Hand Held Microphone,32.649138,-85.380227,eld
http://auburn.craigslist.org/pts/4349213215.html,Verde Regency 17-Inch Wheels,32.547500,-85.468200,pts
http://auburn.craigslist.org/app/4348931609.html,HP 45 black printer ink,32.592000,-85.518900,app
http://auburn.craigslist.org/bik/4348927753.html,Magna Excitor Mountain Bike and Bike Rack for Car,32.592000,-85.518900,bik
http://auburn.craigslist.org/sys/4348903342.html,New Computer custom built for you!,0,0,sys
http://auburn.craigslist.org/grd/4348908622.html,WANTED TO BUY BASSETT HOUND,0,0,grd
http://auburn.craigslist.org/grd/4306527856.html,FIREWOOD FORSALE,0,0,grd
http://auburn.craigslist.org/clo/4332685099.html,PROM DRESS,0,0,clo
http://auburn.craigslist.org/grd/4348908223.html,BABY BUNNIES FOR SALE (pure bred),0,0,grd
http://auburn.craigslist.org/msd/4348906449.html,★★ Mint Condition Ebony Baldwin 'M' Player Grand Piano,33.865600,-84.072500,msd
http://auburn.craigslist.org/bab/4348910440.html,Jenny Lind changing table ,0,0,bab
http://auburn.craigslist.org/clo/4348872476.html,wanted big  sized clothing,0,0,clo
http://auburn.craigslist.org/mob/4348818789.html,Verizon iPhone 4 8gb unlocked perfect condition,0,0,mob
http://auburn.craigslist.org/pts/4348882284.html,2007 buick lacrosse left front door ,0,0,pts
http://auburn.craigslist.org/boa/4334923635.html,15 ft aluminum Jon boat,32.592000,-85.518900,boa
http://auburn.craigslist.org/hsh/4348873558.html,american of martinville bedroom set,0,0,hsh
http://auburn.craigslist.org/cto/4348855475.html,2001 Ford Tarus,0,0,cto
http://auburn.craigslist.org/clo/4348850811.html,Snake skin Tory Burch flats,32.603880,-85.481658,clo
http://auburn.craigslist.org/ele/4348863135.html,Sirius Satellite radio,0,0,ele
http://auburn.craigslist.org/cto/4348853621.html,01 Ford Taurus,32.925200,-85.442600,cto
http://auburn.craigslist.org/grd/4348837619.html,Hog Dogs,33.171700,-86.271300,grd
http://auburn.craigslist.org/cto/4348853514.html,1994 z71,0,0,cto
http://auburn.craigslist.org/cto/4348847535.html,1995 Jeep Wrangler (Rio Grande),32.592000,-85.518900,cto
http://auburn.craigslist.org/emd/4348818354.html,Twin Size Mattress and Frame,0,0,emd
http://auburn.craigslist.org/fuo/4345576704.html,dining room table ,0,0,fuo
http://auburn.craigslist.org/fuo/4345575873.html,queen size bedroom suite,0,0,fuo
http://auburn.craigslist.org/cto/4348816511.html,2004 Nissan Titan,32.627810,-85.457497,cto
http://auburn.craigslist.org/for/4348729091.html,Plasma art,0,0,for
http://auburn.craigslist.org/ele/4348666146.html,Get top value for your used items!,32.592000,-85.518900,ele
http://auburn.craigslist.org/grd/4348802519.html,EXCELLENT KIDS HORSE 9 YR OLD PALOMINO GELDING,0,0,grd
http://auburn.craigslist.org/sys/4348785779.html,Dell Optiplex 745,32.941268,-85.957375,sys
http://auburn.craigslist.org/mob/4345648011.html,BlackBerry Bold 9650,0,0,mob
http://auburn.craigslist.org/hab/4348671507.html,No dental coverage? Save 25-80%!!!,0,0,hab
http://auburn.craigslist.org/mob/4348743725.html,Needin cellphone,0,0,mob
http://auburn.craigslist.org/pts/4348767172.html,14b full floater rear axle,0,0,pts
http://auburn.craigslist.org/cto/4348329557.html,2008 Chevrolet Tahoe LT,0,0,cto
http://auburn.craigslist.org/cto/4348338982.html,2001 Chevrolet Tahoe LT,0,0,cto
http://auburn.craigslist.org/clo/4348335004.html,Ray Ban Tortoise,0,0,clo
http://auburn.craigslist.org/hvd/4348296538.html,7X14 Enclosed Trailer,0,0,hvd
http://auburn.craigslist.org/atq/4348315365.html,First $ 90.00  gets it all  (obo),32.811300,-85.174900,atq
http://auburn.craigslist.org/msg/4348289287.html,2011 Gibson Les Paul ,32.547500,-85.468200,msg
http://auburn.craigslist.org/for/4348276197.html,White/ Powder Blue 10s w/ powder blue Jordan socks,0,0,for
http://auburn.craigslist.org/tag/4348289761.html,Nintendo NES plus games,32.547500,-85.468200,tag
http://auburn.craigslist.org/grq/4348136052.html,Trade,0,0,grq
http://auburn.craigslist.org/pts/4348245446.html,WND four light visor,0,0,pts
http://auburn.craigslist.org/fuo/4321113721.html,upright fan,0,0,fuo
http://auburn.craigslist.org/hsh/4321114255.html,Easy Dry- Portable Clothes Dryer,0,0,hsh
http://auburn.craigslist.org/for/4334029025.html,Car FM transmitter -USB/mp3 Player,32.614508,-85.479599,for
http://auburn.craigslist.org/cto/4348190670.html,truck,0,0,cto
http://auburn.craigslist.org/clo/4336311688.html,Formal/executive shirts (brand new  never used),32.547500,-85.468200,clo
http://auburn.craigslist.org/ele/4340991780.html,12' SUBWOOFERS (2) AND AMPLIFIERS (2),32.547500,-85.468200,ele
http://auburn.craigslist.org/cto/4340337173.html,2001 LINCOLN COMTINENTAL,33.605300,-84.481300,cto
http://auburn.craigslist.org/sgd/4307077216.html,TechnoGym Synchro Excite 700,33.637632,-85.825453,sgd
http://auburn.craigslist.org/for/4307195380.html,Used restaurant equipment,0,0,for
http://auburn.craigslist.org/bfs/4348183928.html,EVERYTHING FOR SALE FROM HAUNTED HOUSE,32.835500,-86.642500,bfs
http://auburn.craigslist.org/sgd/4309432432.html,Adjustable Bench by TechnoGym,33.637829,-85.825324,sgd
http://auburn.craigslist.org/grq/4342864635.html,6.5x10-$1180 Single Axle Trailer,0,0,grq
http://auburn.craigslist.org/fuo/4331059568.html,Shabby Chic Butler's Table,0,0,fuo
http://auburn.craigslist.org/fuo/4330463116.html,Large sofa with slipcover,0,0,fuo
http://auburn.craigslist.org/fuo/4340470494.html,Beautiful Oak High Top Table and Stools,0,0,fuo
http://auburn.craigslist.org/fuo/4340464196.html,Corner Entertainment Center,0,0,fuo
http://auburn.craigslist.org/cto/4325224361.html, Rare Antique Jeep Truck,32.621100,-85.392900,cto
http://auburn.craigslist.org/rvs/4325248500.html,26Ft Wildcat 5th wheel Camper,32.621100,-85.392900,rvs
http://auburn.craigslist.org/hvo/4348150218.html,Caterpillar 963,0,0,hvo
http://auburn.craigslist.org/ele/4348125947.html,Kicker CVR and 1000 watt amp,32.592000,-85.518900,ele
http://auburn.craigslist.org/spo/4348117103.html,Baseball glove-NEW with new baseball,32.578200,-85.349000,spo
http://auburn.craigslist.org/cto/4347521958.html,1981 Chevy Corvette,0,0,cto
http://auburn.craigslist.org/cto/4347509777.html,Acura 3.2TL 99 ,0,0,cto
http://auburn.craigslist.org/fuo/4347493368.html,Office Chair ,0,0,fuo
http://auburn.craigslist.org/grd/4336487359.html,1947 8N FORD TRACTOR,0,0,grd
http://auburn.craigslist.org/boa/4336466898.html,SET OF JET SKIIS FOR SALE,0,0,boa
http://auburn.craigslist.org/ptd/4329431831.html,New Engine Rebuild Parts,33.521900,-86.766600,ptd
http://auburn.craigslist.org/bod/4306504412.html,ALUMINUM BOAT TRAILERS - CUSTOM BUILT TO SPEC,0,0,bod
http://auburn.craigslist.org/pts/4347392550.html,"24"" rims and tires for sale ",0,0,pts
http://auburn.craigslist.org/grd/4347390319.html,Greenhouses for Farm and Garden,0,0,grd
http://auburn.craigslist.org/mad/4347332229.html,We Pay Money for Surplus Equipment,0,0,mad
http://auburn.craigslist.org/fuo/4347335773.html,Moving sale,0,0,fuo
http://auburn.craigslist.org/msd/4347329687.html,☆☆ STUNNING EBONY YAMAHA GA1 GRAND PIANO WITH PLAYER ,33.865600,-84.072500,msd
http://auburn.craigslist.org/cto/4347306870.html,1972 impala 3500 obo,0,0,cto
http://auburn.craigslist.org/app/4347302841.html,4sale frontloader whilpood ,32.576800,-85.312000,app
http://auburn.craigslist.org/boa/4338684124.html,Bayliner 2050 trade for pontoon boat or camper,0,0,boa
http://auburn.craigslist.org/cto/4347255965.html,2001 Toyota Tacoma PreRunner,0,0,cto
http://auburn.craigslist.org/clt/4328444142.html,I BUY AND SELL VINYL RECORDS ,32.811300,-85.174900,clt
http://auburn.craigslist.org/app/4347273705.html,Whirlpool conquest side by side refrigerator,0,0,app
http://auburn.craigslist.org/clo/4347169468.html,Looking for avon customers,40.606800,-75.478100,clo
http://auburn.craigslist.org/pts/4347266895.html,26inch rims,0,0,pts
http://auburn.craigslist.org/app/4347263176.html,Whirlpool duet front load washer and dryer,0,0,app
http://auburn.craigslist.org/ele/4347254888.html,Custom sub box ,0,0,ele
http://auburn.craigslist.org/mob/4347253032.html,iPhone 4 with Flappy Bird ,0,0,mob
http://auburn.craigslist.org/ptd/4322441036.html,USED JAPANESE ENGINES & TRANSMISSIONS $300UP,33.946200,-118.201300,ptd
http://auburn.craigslist.org/for/4347246301.html,90 gal SALTWATER AQUARIUM - $850 (AUBURN  AL) ,32.547500,-85.468200,for
http://auburn.craigslist.org/cto/4342938449.html,1991 Mazda Miata,0,0,cto
http://auburn.craigslist.org/pts/4347236801.html,Stock headlights and fog lights for 05 dakota,0,0,pts
http://auburn.craigslist.org/mcy/4347243739.html,2008 Harley Davidson Dyna Low Rider,32.945117,-85.941712,mcy
http://auburn.craigslist.org/cto/4347174765.html,'96 Mercury Sable,0,0,cto
http://auburn.craigslist.org/boa/4347235817.html,motorguide foot controlled trolling motor,0,0,boa
http://auburn.craigslist.org/jwl/4344189619.html,Wholesale Jewelry only $0.83 ,37.720500,-122.158700,jwl
http://auburn.craigslist.org/pts/4305015777.html,Toyota 22R 22RE Head,0,0,pts
http://auburn.craigslist.org/pts/4305029328.html,22R Engine Rebuilt,33.680300,-85.713700,pts
http://auburn.craigslist.org/pts/4346613126.html,8 lug mud tires ,0,0,pts
http://auburn.craigslist.org/cto/4346610164.html,98 Honda Accord ,32.822400,-85.770400,cto
http://auburn.craigslist.org/pts/4346599672.html,"2 12"" pb subwoofers in box",32.547500,-85.468200,pts
http://auburn.craigslist.org/hsh/4346559974.html,"Harbor breeze 44"" ceiling fan",32.547500,-85.468200,hsh
http://auburn.craigslist.org/clo/4346578326.html,BIRKENSTOCK Sandals Shoes 42 L11M9 brown suede size 11 women's,32.547500,-85.468200,clo
http://auburn.craigslist.org/cto/4346558831.html,81 cj5 jeep,0,0,cto
http://auburn.craigslist.org/art/4346554983.html,4 LARGE spools of bobbin thread! ,32.576800,-85.312000,art
http://auburn.craigslist.org/vgm/4346510358.html,2 lvl 90 WoW Account,0,0,vgm
http://auburn.craigslist.org/atq/4339780129.html,Antique sofa and chair ,0,0,atq
http://auburn.craigslist.org/spo/4346459652.html,man cave snare drum table,32.621100,-85.392900,spo
http://auburn.craigslist.org/fuo/4339807078.html,Lazy Boy 7ft. couch and chair,0,0,fuo
http://auburn.craigslist.org/cto/4346470782.html,1977 Chevy 4x4,32.520100,-85.100000,cto
http://auburn.craigslist.org/rvs/4346487661.html,2008 Forest River Fifth wheel by Rockwood,32.628800,-85.001700,rvs
http://auburn.craigslist.org/cto/4305942599.html,1984 Ford Bronco XLT 4x4,0,0,cto
http://auburn.craigslist.org/fuo/4346429568.html,man cave drum tables,0,0,fuo
http://auburn.craigslist.org/tix/4346415320.html,SEC Women's Basketball Tournament,35.250700,-87.352600,tix
http://auburn.craigslist.org/cto/4346426737.html,1991 Chevy silverado,32.861600,-85.216100,cto
http://auburn.craigslist.org/grd/4346422066.html,Alpaca heard for Sale,32.576800,-85.312000,grd
http://auburn.craigslist.org/bab/4346419638.html,Changing Table,32.547500,-85.468200,bab
http://auburn.craigslist.org/cto/4346402475.html,clean 2003 Chevy s10,0,0,cto
http://auburn.craigslist.org/bar/4337460639.html,Honda Forman 450 trade,0,0,bar
http://auburn.craigslist.org/cto/4346371184.html,2010 Wrangler,0,0,cto
http://auburn.craigslist.org/cto/4346258516.html,toyota87,32.516100,-84.978500,cto
http://auburn.craigslist.org/for/4346376436.html,Large utility trailer/ramp,0,0,for
http://auburn.craigslist.org/wan/4346346266.html,Underpinning for Trailer,0,0,wan
http://auburn.craigslist.org/cto/4346344696.html,Trade 01 vw cabrio for fourwheeler 400+,0,0,cto
http://auburn.craigslist.org/grd/4346361086.html,Thai game fowl,0,0,grd
http://auburn.craigslist.org/wan/4309548078.html,Indian Arrowheads Wanted by Collector,0,0,wan
http://auburn.craigslist.org/fod/4303917241.html,Acacia Engineered Hand Scraped Natural,0,0,fod
http://auburn.craigslist.org/app/4346306703.html,Frigidaire 7 CU FT Chest Freezer,0,0,app
http://auburn.craigslist.org/pts/4346309615.html,4 BFG A/Ts 31x10.5x15,0,0,pts
http://auburn.craigslist.org/bks/4336306610.html,Great read for that holiday kindle gift on a lazy weekend,32.547500,-85.468200,bks
http://auburn.craigslist.org/for/4339615915.html,Oakley Gas Can Sunglasses,0,0,for
http://auburn.craigslist.org/app/4345362418.html,2 window unit air conditioners,32.607134,-85.471573,app
http://auburn.craigslist.org/pho/4345347837.html,Vintage DeJur 8MM Movie Projector,31.794500,-85.965500,pho
http://auburn.craigslist.org/cto/4345346057.html,1996 Ford Explorer,0,0,cto
http://auburn.craigslist.org/cld/4309425916.html,BEST KNEE PADDED WORK PANTS  ,0,0,cld
http://auburn.craigslist.org/clo/4345320469.html,Ray Bans for Sale,0,0,clo
http://auburn.craigslist.org/cto/4345291059.html,1998 International 4700,32.373600,-86.183300,cto
http://auburn.craigslist.org/boa/4345286101.html,fishing kayak wanted,0,0,boa
http://auburn.craigslist.org/for/4326205094.html,refrigerator,0,0,for
http://auburn.craigslist.org/wan/4345269088.html,"Need 13"" spare wheel & tire for trailer",0,0,wan
http://auburn.craigslist.org/spo/4345229628.html,Junior golf set  golf bag  fishing rod,32.592000,-85.518900,spo
http://auburn.craigslist.org/wan/4345256503.html,utility trailer wheel,0,0,wan
http://auburn.craigslist.org/sys/4345169967.html,HP Color LJ 2600n,33.043152,-84.981952,sys
http://auburn.craigslist.org/fuo/4345217474.html,Cloth Drying rack ,0,0,fuo
http://auburn.craigslist.org/pts/4345223200.html,"37"" LED Lightbar 28339 Lumens",32.576800,-85.312000,pts
http://auburn.craigslist.org/clo/4345139778.html,Air Jordan Retro 11 Cool Grey size 8.5 Deadstock,32.592000,-85.518900,clo
http://auburn.craigslist.org/cto/4303224158.html,94 Mustang V8 Cobra/Boss,0,0,cto
http://auburn.craigslist.org/cto/4336551987.html,92 Toyota ,0,0,cto
http://auburn.craigslist.org/clo/4345083692.html,Air Jordan Retro 11 Space Jam size 8.5 Deadstock,32.592000,-85.518900,clo
http://auburn.craigslist.org/cto/4344941851.html,2001 Toyota Tundra 4x4,33.172761,-84.914875,cto
http://auburn.craigslist.org/pts/4308575785.html,Rebuilt carburetors,0,0,pts
http://auburn.craigslist.org/clo/4345015420.html,Erotic Love Lingerie,33.435400,-86.113400,clo
http://auburn.craigslist.org/hab/4344939300.html,Are you ready for swimsuit season?? You can be with Plexus!!,0,0,hab
http://auburn.craigslist.org/cto/4344939034.html,2001 Toyota Tundra 4x4,33.172761,-84.914875,cto
http://auburn.craigslist.org/ele/4345040442.html,"JVC AV-32120 32"" crt TV",33.024900,-84.957700,ele
http://auburn.craigslist.org/sys/4345023713.html,Absolutely SUPER CLEAN Compaq Presario,0,0,sys
http://auburn.craigslist.org/vgm/4344957880.html,Disney Infinity Starter Pack-Wii,32.621100,-85.392900,vgm
http://auburn.craigslist.org/fuo/4337801673.html,Queen extra long mattress and box spring,0,0,fuo
http://auburn.craigslist.org/vgm/4307686299.html,Disney Infinity,32.621100,-85.392900,vgm
http://auburn.craigslist.org/msg/4344961401.html,Beginner Ludwig snare drum & bell kit,33.042972,-84.981887,msg
http://auburn.craigslist.org/boa/4344894962.html,Rivera 28' Pontoon Boat with trailer,32.822400,-85.770400,boa
http://auburn.craigslist.org/atq/4344163015.html,cast-iron enameled cookware set,0,0,atq
http://auburn.craigslist.org/mob/4335853005.html,1 month old Verizon Lg G2 for trade,32.621100,-85.392900,mob
http://auburn.craigslist.org/ele/4339208616.html,"rockford fosgate rfz1415 15"" with box and amp",32.621100,-85.392900,ele
http://auburn.craigslist.org/fuo/4344089635.html,Round Dining Table with 4 chairs,32.612979,-85.475249,fuo
http://auburn.craigslist.org/cto/4343981632.html,2003 Ford Crown Victoria Police Interceptor,33.216900,-85.405700,cto
http://auburn.craigslist.org/ele/4344026576.html,Autotek Super Sport SS750.1 Amplifier,32.520100,-85.100000,ele
http://auburn.craigslist.org/mob/4344021410.html,iPhone 4 Black 8gb with FLAPPY BIRD APP ,0,0,mob
http://auburn.craigslist.org/cto/4321206686.html,95 Ford F-250 7.3,0,0,cto
http://auburn.craigslist.org/grq/4316016586.html,$12 785 On Sale Big Tex 10-Ton Gooseneck Dump Trailer 4ft Sides,0,0,grq
http://auburn.craigslist.org/mat/4328092243.html,antique doors and more,0,0,mat
http://auburn.craigslist.org/fud/4343975689.html,New wood cabinet stock arrived this weekend,0,0,fud
http://auburn.craigslist.org/mcy/4343949803.html,2000 Heritage Softail Classic FULLY LOADED!!,33.216900,-85.405700,mcy
http://auburn.craigslist.org/ele/4343883511.html,Macbook Pro 15.4-inch: (MA609LL) $325.00,0,0,ele
http://auburn.craigslist.org/app/4343970572.html,LG Gas Dryer,0,0,app
http://auburn.craigslist.org/app/4343955389.html,Kenmore 25 cu ft. side by side Refrigerator and Freezer,0,0,app
http://auburn.craigslist.org/sys/4343884394.html,15.4-inch: (MA609LL) $325.00,32.540301,-85.437756,sys
http://auburn.craigslist.org/snd/4299963563.html,Brand New 4wheelers  Dirt Bikes & Scooters,0,0,snd
http://auburn.craigslist.org/ele/4343943263.html,LIKE NEW 16gb PLAYSTATION 3 W/ONE CONTROLLER,32.621100,-85.392900,ele
http://auburn.craigslist.org/clo/4315257161.html,Women's UGG boots size 8-like new,32.576800,-85.312000,clo
http://auburn.craigslist.org/clo/4315234364.html,Men's dress shirts sz X-large,0,0,clo
http://auburn.craigslist.org/clo/4304283460.html,Mens Saddlebred Suede Leather Coat,0,0,clo
http://auburn.craigslist.org/msd/4343929111.html,BEAUTIFUL STEINWAY CONSOLE & MATCHING BENCH,33.364227,-86.863747,msd
http://auburn.craigslist.org/msd/4343912869.html,Ritmiiller Studio Piano / Dark Cherry finish,33.354620,-86.877823,msd
http://auburn.craigslist.org/bab/4328630135.html,New Nursery Plaque ,0,0,bab
http://auburn.craigslist.org/cto/4335839564.html,Car for Sale!!!!,32.592000,-85.518900,cto
http://auburn.craigslist.org/pts/4333120366.html,6.0 powerstroke repairs and performance f250 f350,0,0,pts
http://auburn.craigslist.org/cto/4340210435.html,2004 Chevy Tahoe. New motor,0,0,cto
http://auburn.craigslist.org/hsh/4301131224.html,Mattress set - (like brand new  rarely used),32.547500,-85.468200,hsh
http://auburn.craigslist.org/tix/4343833317.html,NASCAR Save Mart 350 3 day pass for 2,38.982900,-121.094400,tix
http://auburn.craigslist.org/tix/4343832197.html,NASCAR SaveMart 350 3 day pass for 2,38.284900,-122.469600,tix
http://auburn.craigslist.org/for/4343831502.html,Dcorative Wool area rug,0,0,for
http://auburn.craigslist.org/bfd/4308118705.html,Be Your Own Boss! Become a MASTERMIND!,0,0,bfd
http://auburn.craigslist.org/sno/4343251201.html,2008 Yamaha Raptor 250,33.066082,-86.053505,sno
http://auburn.craigslist.org/grd/4337052816.html,LIONHEAD bunny,0,0,grd
http://auburn.craigslist.org/fod/4300559773.html,2014 Red Lark 8.5x18 ( 7' interior height),0,0,fod
http://auburn.craigslist.org/bfd/4308145780.html,CASH REGISTER POS SYSTEM,0,0,bfd
http://auburn.craigslist.org/bik/4332359941.html,Spin Bike,0,0,bik
http://auburn.craigslist.org/spo/4332445140.html,Bladez Spin Bike,0,0,spo
http://auburn.craigslist.org/mcy/4343193838.html,CBR 1000 RR,31.340800,-85.842100,mcy
http://auburn.craigslist.org/bfd/4343170035.html,If You Are Looking To Buy A Business Or Go Into Business Consider This,0,0,bfd
http://auburn.craigslist.org/had/4343172381.html,Your Brain Needs Nutrition Too ,0,0,had
http://auburn.craigslist.org/had/4343171453.html,The Most Important Health & Wellness Product Period,0,0,had
http://auburn.craigslist.org/spo/4343139952.html,Weider Max 450 Home Gym System,0,0,spo
http://auburn.craigslist.org/bfs/4343165380.html,Exam tables,32.811300,-85.174900,bfs
http://auburn.craigslist.org/bfs/4338328498.html,Office autoclave,32.811300,-85.174900,bfs
http://auburn.craigslist.org/fuo/4321641904.html,Beautiful german leather sofas,32.833700,-85.119700,fuo
http://auburn.craigslist.org/cto/4308717844.html,03 CHEVY VENTURE,0,0,cto
http://auburn.craigslist.org/cto/4343158846.html,1993 Mercury Cougar,32.547500,-85.468200,cto
http://auburn.craigslist.org/cto/4323289258.html,94 ford f150 ,33.024300,-85.073900,cto
http://auburn.craigslist.org/pts/4322808191.html,26x10 rims and tires,33.024300,-85.073900,pts
http://auburn.craigslist.org/mcy/4343153482.html,1996 Suzuki Intruder 800,32.547500,-85.468200,mcy
http://auburn.craigslist.org/mob/4343135727.html,VERIZON WIRELESS IPHONE 5C W/ LIFEPROOF CASE,0,0,mob
http://auburn.craigslist.org/mcy/4333328106.html,1982 Honda CM 250 ,32.832866,-85.759964,mcy
http://auburn.craigslist.org/msd/4343072530.html,/★/  Stunning Ebony Yamaha Baby Grand Disklavier Piano \★\,0,0,msd
http://auburn.craigslist.org/wad/4343056193.html,Want Mr2 or Celica Shell,32.592000,-85.518900,wad
http://auburn.craigslist.org/bid/4343036946.html,___ BLOW OUT BICYCLE SALE!____,0,0,bid
http://auburn.craigslist.org/app/4331453204.html,BUYING ANY NON WORKING HOUSEHOLD APPLIANCES,0,0,app
http://auburn.craigslist.org/app/4343045081.html,$600 obo Whirlpool Refrigerator,0,0,app
http://auburn.craigslist.org/wan/4329882668.html,tires wAnted,32.543700,-85.687100,wan
http://auburn.craigslist.org/vgm/4343041304.html,Borderlands 2  Battlefield 3 (Xbox 360),32.592000,-85.518900,vgm
http://auburn.craigslist.org/for/4343036154.html,Tan yeti roadie cooler,32.592000,-85.518900,for
http://auburn.craigslist.org/mob/4343023252.html,iPhone 4 with flappy bird,0,0,mob
http://auburn.craigslist.org/app/4329920577.html,Apliance for sale CHEAP ,0,0,app
http://auburn.craigslist.org/bks/4323577488.html,PHARMACY COLLEGE ADMISSION TEST-PCAT Study Materials-Like New,32.809448,-85.197958,bks
http://auburn.craigslist.org/fuo/4323488627.html,Cherry Armoire/Magazine Rack,32.813235,-85.193889,fuo
http://auburn.craigslist.org/fuo/4323453111.html,DESK & CHAIR,32.813961,-85.195302,fuo
http://auburn.craigslist.org/boa/4342319190.html,Chapperal ,32.811300,-85.174900,boa
http://auburn.craigslist.org/ele/4342294678.html,5.1 logitech thx computer surround,0,0,ele
http://auburn.craigslist.org/hvd/4301847730.html,Sale $12 785.00 Big Tex 10-Ton Dump Trailer 4ft Sides,0,0,hvd
http://auburn.craigslist.org/fod/4301843679.html,Alvin Drafting Table DesignMaster New,0,0,fod
http://auburn.craigslist.org/mob/4342237748.html,Iphone 4s 16gb With Flappy Bird installed,32.578200,-85.349000,mob
http://auburn.craigslist.org/clo/4302744573.html,Women's Born Leather shoes  size 7.5,0,0,clo
http://auburn.craigslist.org/clo/4302749721.html,Women's Easy Spirit Shoes  NIB  size 7,0,0,clo
http://auburn.craigslist.org/grd/4342241249.html,Antique turtle shell,0,0,grd
http://auburn.craigslist.org/ele/4342157707.html,$450 LED Flat Screen LG TV,32.547500,-85.468200,ele
http://auburn.craigslist.org/pts/4342216879.html,firebird formula 1990 parts only,0,0,pts
http://auburn.craigslist.org/cto/4342224975.html,2007 TOYOTA FJ CRUISER 4WD,32.533029,-85.439107,cto
http://auburn.craigslist.org/cto/4342197088.html,97 F:250 ,32.592000,-85.518900,cto
http://auburn.craigslist.org/cto/4342174374.html,1999 Ford Explorer,0,0,cto
http://auburn.craigslist.org/hvd/4319878248.html,$3120 Sale Big Tex Steel Deck Car Hauler  Chrome Wheels 7'x18',0,0,hvd
http://auburn.craigslist.org/ele/4342144490.html,Beats Pill-White and Yellow,0,0,ele
http://auburn.craigslist.org/sys/4342148959.html,"23"" Flat Screen Computer monitor",0,0,sys
http://auburn.craigslist.org/fuo/4342111052.html,Table and chairs for sale,32.811300,-85.174900,fuo
http://auburn.craigslist.org/clo/4342090584.html,wedges  heels  flats  tennis shoes,0,0,clo
http://auburn.craigslist.org/mob/4342100744.html,iphone 4 16GB With mophie charging case,0,0,mob
http://auburn.craigslist.org/boa/4341970962.html,1648 fisher marine 28hp Johnson,0,0,boa
http://auburn.craigslist.org/pts/4298823938.html,GM PCM custom tuning,0,0,pts
http://auburn.craigslist.org/for/4300622038.html,Inversion Table for Sale,0,0,for
http://auburn.craigslist.org/grd/4300626516.html,Boa Horse Boots For Sale,0,0,grd
http://auburn.craigslist.org/mob/4342007853.html,GALAXY MEGA SPRINT,32.916400,-85.936800,mob
http://auburn.craigslist.org/fod/4330380527.html,Brand New Spa X-6 Hot Tub ,0,0,fod
http://auburn.craigslist.org/pts/4341994023.html,03 mustang headlights and taillights,0,0,pts
http://auburn.craigslist.org/cto/4341987288.html,69 suburban ,32.621100,-85.392900,cto
http://auburn.craigslist.org/cto/4341985299.html,79 f100,32.621100,-85.392900,cto
http://auburn.craigslist.org/mad/4330599273.html,"2 1/4""- 3 1/4""- 5"" Solid Unfinished Exotic Hardwood Flooring $2.69/sf ",32.547500,-85.468200,mad
http://auburn.craigslist.org/cto/4341256611.html,93 s10 5speed for trade,32.811300,-85.174900,cto
http://auburn.craigslist.org/grd/4341244676.html,Husqvarna 18in Reel Lawn Mower,32.553035,-85.502472,grd
http://auburn.craigslist.org/fuo/4331163771.html,Handmade farm style table,0,0,fuo
http://auburn.craigslist.org/grd/4341210249.html,Scotts Turf Builder EdgeGuard Mini Spreader,32.553469,-85.502815,grd
http://auburn.craigslist.org/cto/4341174308.html,1986 Chevrolet 350 V8 ,32.576800,-85.312000,cto
http://auburn.craigslist.org/cto/4341180202.html,1991 300zx twin turbo,0,0,cto
http://auburn.craigslist.org/wad/4341060202.html,Buying Runescape Gold and Accounts,0,0,wad
http://auburn.craigslist.org/msg/4328307314.html,Big Muff Pi,0,0,msg
http://auburn.craigslist.org/bod/4299800187.html,2010 TRITON 18FT EXPLORER,0,0,bod
http://auburn.craigslist.org/hvd/4299263967.html,2001 JOHN DEERE 410G,0,0,hvd
http://auburn.craigslist.org/wan/4341090207.html,Wanted: Multicade Arcade Stand Up Video Gamd,0,0,wan
http://auburn.craigslist.org/jwl/4341149635.html,Pi Kappa Phi fraternity pin,0,0,jwl
http://auburn.craigslist.org/ele/4341026405.html,"""Only $40 Down or No Credit Needed"" New ViewSonic VA2446M-LED 24-Inch",32.592000,-85.518900,ele
http://auburn.craigslist.org/fuo/4341123436.html,Green Sectional Couch**pickup today,32.547500,-85.468200,fuo
http://auburn.craigslist.org/cto/4340949758.html,2013 Mercedes Benz GLK350 ** Priced To Sell **,33.284500,-87.102400,cto
http://auburn.craigslist.org/pts/4341051562.html,Trade Stock Chevy Rims For Bullet Holes,32.547500,-85.468200,pts
http://auburn.craigslist.org/bar/4334271740.html,Samsung Note 2 with FLAPPY BIRDS trade,0,0,bar
http://auburn.craigslist.org/pts/4341044058.html,HID HEADLIGHTS FOR SALE,32.522600,-85.431500,pts
http://auburn.craigslist.org/cto/4341035263.html,2004 volvo suv xc90  5 cyl 16 turbo awd,0,0,cto
http://auburn.craigslist.org/grd/4341021183.html,Push mower used only used 5 times,0,0,grd
http://auburn.craigslist.org/mcy/4341002695.html,2007 Suzuki Boulevard,32.822400,-85.770400,mcy
http://auburn.craigslist.org/cto/4340972849.html,2000 ford,0,0,cto
http://auburn.craigslist.org/boa/4340941966.html,96 fisher freedom fish 240 pontoon ,0,0,boa
http://auburn.craigslist.org/hsh/4340899275.html,House for sale,0,0,hsh
http://auburn.craigslist.org/ele/4310542086.html,Polk RTi4 Book Shelf Speakers Excellent!,0,0,ele
http://auburn.craigslist.org/grd/4340909034.html,ELECTRIC HEDGE TRIMMER,0,0,grd
http://auburn.craigslist.org/hsh/4326620876.html,Antique Wine Holder & Portable Ice Bucket,32.547500,-85.468200,hsh
http://auburn.craigslist.org/atq/4340891465.html,Chinese Desk,32.621100,-85.392900,atq
http://auburn.craigslist.org/sno/4340891279.html,2011 EZ GO RXV,32.547500,-85.468200,sno
http://auburn.craigslist.org/hvd/4301239959.html,$1075.00 Top Quality Utility Hauler On Sale,0,0,hvd
http://auburn.craigslist.org/pts/4340855979.html,22 in rims 5 lug 5x114 universal,32.782700,-85.647400,pts
http://auburn.craigslist.org/for/4340150288.html,Quantum 2000 Watt Amp,32.609014,-85.482044,for
http://auburn.craigslist.org/cld/4340149748.html,Lace Indulgence Body.  ,0,0,cld
http://auburn.craigslist.org/cld/4340146316.html,Tatiana Chemise,0,0,cld
http://auburn.craigslist.org/cld/4340148370.html,Ivory Chemise,0,0,cld
http://auburn.craigslist.org/cld/4340144222.html,Kalypso Set Black,0,0,cld
http://auburn.craigslist.org/cto/4340131844.html,2002 ford mustang,0,0,cto
http://auburn.craigslist.org/clo/4340127858.html,Retro III Jordans,0,0,clo
http://auburn.craigslist.org/for/4340088947.html,Support Two Broke Girls!!,0,0,for
http://auburn.craigslist.org/wan/4325596293.html,used all terrain tires,32.916400,-85.936800,wan
http://auburn.craigslist.org/for/4303269705.html,nice patio home,32.929865,-85.950847,for
http://auburn.craigslist.org/wan/4325591429.html,"used 16"" all terrain tires",32.916400,-85.936800,wan
http://auburn.craigslist.org/jwl/4300804463.html,Antique 1/4 ct marquis white 14K gold bridal set,0,0,jwl
http://auburn.craigslist.org/fuo/4340043013.html,BLUE SECTIONAL AND TABLE AND 4 CHAIRS ,0,0,fuo
http://auburn.craigslist.org/msd/4340050689.html,★ Pristine Condition Yamaha G3 Grand Piano with CD Player,33.865600,-84.072500,msd
http://auburn.craigslist.org/ptd/4340026888.html,Emergency LED light bar  ProStrobe Hercules  brand new,0,0,ptd
http://auburn.craigslist.org/cto/4340039029.html,LIFTED FORD F-150 4x4,32.547500,-85.468200,cto
http://auburn.craigslist.org/cto/4340045439.html,1990 eagle talon,32.431600,-85.686100,cto
http://auburn.craigslist.org/cto/4340017518.html,Body only no motor ,32.621200,-85.184000,cto
http://auburn.craigslist.org/for/4340009825.html,BowFlex,32.811300,-85.174900,for
http://auburn.craigslist.org/fuo/4326445510.html,Mattress set (Queen size) - bought brand new (good for the price),32.547500,-85.468200,fuo
http://auburn.craigslist.org/hab/4339879739.html,Weight Loss,46.152248,-123.652335,hab
http://auburn.craigslist.org/hab/4339967737.html,ESB Radiance Tanning Bed,0,0,hab
http://auburn.craigslist.org/pts/4339950203.html,2003-2007 H2 Hummer Hood,0,0,pts
http://auburn.craigslist.org/tls/4339947957.html,Used tile saw & brake,32.869104,-85.205156,tls
http://auburn.craigslist.org/boa/4339943211.html,Kayak for sale,0,0,boa
http://auburn.craigslist.org/hvo/4332678008.html,Caterpillar Filters ,0,0,hvo
http://auburn.craigslist.org/pts/4331333180.html,2003 Toyota Avalon low miles,0,0,pts
http://auburn.craigslist.org/fuo/4339917875.html,Wood Coffee Table For Sale,0,0,fuo
http://auburn.craigslist.org/tls/4339912808.html,Ryobi electric drill ,32.592000,-85.518900,tls
http://auburn.craigslist.org/fuo/4298478563.html,Living room Chair / Sofa chair with arms,32.547500,-85.468200,fuo
http://auburn.craigslist.org/grd/4339895758.html,Airens zoom,32.082900,-88.206400,grd
http://auburn.craigslist.org/for/4339893801.html,Zero turn,32.576800,-85.312000,for
